sheet,key,class
BridgeEqnCoeffs,AINZ_USNAqtrConstant,coefficient
BridgeEqnCoeffs,AINZ_USNAqtrMonthlyRealBusAutoSales,coefficient
BridgeEqnCoeffs,FNENPZ_USNAqtrConstant,coefficient
BridgeEqnCoeffs,FNENPZ_USNAqtrNetComputersShipments,coefficient
BridgeEqnCoeffs,FNETPZ_USNAqtrConstant,coefficient
BridgeEqnCoeffs,FNETPZ_USNAqtrNondefenseAircraftNetShipments,coefficient
BridgeEqnCoeffs,FNPEZ_USNAqtrAR1,coefficient
BridgeEqnCoeffs,FNPEZ_USNAqtrAR2,coefficient
BridgeEqnCoeffs,FNPEZ_USNAqtrAR3,coefficient
BridgeEqnCoeffs,FNPEZ_USNAqtrAR4,coefficient
BridgeEqnCoeffs,FNPEZ_USNAqtrConstant,coefficient
BridgeEqnCoeffs,FNPRZ_USNAqtrConstant,coefficient
BridgeEqnCoeffs,FNPRZ_USNAqtrLAPTSVA@USECON,coefficient
BridgeEqnCoeffs,FNPSZ_USNAqtrConstant,coefficient
BridgeEqnCoeffs,FNPSZ_USNAqtrLAPBSVA@USECON,coefficient
BridgeEqnCoeffs,FNSMIZ_USNAqtrAR1,coefficient
BridgeEqnCoeffs,FNSMIZ_USNAqtrAR2,coefficient
BridgeEqnCoeffs,FNSMIZ_USNAqtrAR3,coefficient
BridgeEqnCoeffs,FNSMIZ_USNAqtrAR4,coefficient
BridgeEqnCoeffs,FNSMIZ_USNAqtrConstant,coefficient
BridgeEqnCoeffs,FNSMPZ_USNAqtrConstant,coefficient
BridgeEqnCoeffs,FNSMPZ_USNAqtrIPB31@IP,coefficient
BridgeEqnCoeffs,FREZ_USNAqtrConstant,coefficient
BridgeEqnCoeffs,FREZ_USNAqtrRetSalesResEquip,coefficient
BridgeEqnCoeffs,FRSBKZ_USNAqtrConstant,coefficient
BridgeEqnCoeffs,FRSBKZ_USNAqtrvalTotalHomeSales,coefficient
BridgeEqnCoeffs,FRSHDZ_USNAqtrAR1,coefficient
BridgeEqnCoeffs,FRSHDZ_USNAqtrAR2,coefficient
BridgeEqnCoeffs,FRSHDZ_USNAqtrAR3,coefficient
BridgeEqnCoeffs,FRSHDZ_USNAqtrAR4,coefficient
BridgeEqnCoeffs,FRSHDZ_USNAqtrConstant,coefficient
BridgeEqnCoeffs,FRSHMZ_USNAqtrConstant,coefficient
BridgeEqnCoeffs,FRSHMZ_USNAqtrMobileHomeVal,coefficient
BridgeEqnCoeffs,FRSINZ_USNAqtrConstant,coefficient
BridgeEqnCoeffs,FRSINZ_USNAqtrLPD61DA@LABOR,coefficient
BridgeEqnCoeffs,FRSINZ_USNAqtrSplicedBuildingMaterials,coefficient
BridgeEqnCoeffs,FRSPZ_USNAqtrConstant,coefficient
BridgeEqnCoeffs,FRSPZ_USNAqtrSplicedNewHousingConstruction,coefficient
BridgeEqnCoeffs,GDOAIZ_USNAqtrAR1,coefficient
BridgeEqnCoeffs,GDOAIZ_USNAqtrAR2,coefficient
BridgeEqnCoeffs,GDOAIZ_USNAqtrAR3,coefficient
BridgeEqnCoeffs,GDOAIZ_USNAqtrAR4,coefficient
BridgeEqnCoeffs,GDOAIZ_USNAqtrConstant,coefficient
BridgeEqnCoeffs,GDOSSZ_USNAqtrAR1,coefficient
BridgeEqnCoeffs,GDOSSZ_USNAqtrAR2,coefficient
BridgeEqnCoeffs,GDOSSZ_USNAqtrAR3,coefficient
BridgeEqnCoeffs,GDOSSZ_USNAqtrAR4,coefficient
BridgeEqnCoeffs,GDOSSZ_USNAqtrConstant,coefficient
BridgeEqnCoeffs,GFDENZ_USNAqtrAR1,coefficient
BridgeEqnCoeffs,GFDENZ_USNAqtrAR2,coefficient
BridgeEqnCoeffs,GFDENZ_USNAqtrAR3,coefficient
BridgeEqnCoeffs,GFDENZ_USNAqtrAR4,coefficient
BridgeEqnCoeffs,GFDENZ_USNAqtrConstant,coefficient
BridgeEqnCoeffs,GFDESLZ_USNAqtrAR1,coefficient
BridgeEqnCoeffs,GFDESLZ_USNAqtrAR2,coefficient
BridgeEqnCoeffs,GFDESLZ_USNAqtrAR3,coefficient
BridgeEqnCoeffs,GFDESLZ_USNAqtrAR4,coefficient
BridgeEqnCoeffs,GFDESLZ_USNAqtrConstant,coefficient
BridgeEqnCoeffs,GFDESVZ_USNAqtrConstant,coefficient
BridgeEqnCoeffs,GFDESVZ_USNAqtrLAFGDA@LABOR,coefficient
BridgeEqnCoeffs,GFDIPZ_USNAqtrAR1,coefficient
BridgeEqnCoeffs,GFDIPZ_USNAqtrAR2,coefficient
BridgeEqnCoeffs,GFDIPZ_USNAqtrAR3,coefficient
BridgeEqnCoeffs,GFDIPZ_USNAqtrAR4,coefficient
BridgeEqnCoeffs,GFDIPZ_USNAqtrConstant,coefficient
BridgeEqnCoeffs,GFDSFZ_USNAqtrAR1,coefficient
BridgeEqnCoeffs,GFDSFZ_USNAqtrAR2,coefficient
BridgeEqnCoeffs,GFDSFZ_USNAqtrAR3,coefficient
BridgeEqnCoeffs,GFDSFZ_USNAqtrAR4,coefficient
BridgeEqnCoeffs,GFDSFZ_USNAqtrConstant,coefficient
BridgeEqnCoeffs,GFNEDZ_USNAqtrConstant,coefficient
BridgeEqnCoeffs,GFNEDZ_USNAqtrsaFTO@USECON,coefficient
BridgeEqnCoeffs,GFNENZ_USNAqtrConstant,coefficient
BridgeEqnCoeffs,GFNENZ_USNAqtrsaFTO@USECON,coefficient
BridgeEqnCoeffs,GFNESZ_USNAqtrAR1,coefficient
BridgeEqnCoeffs,GFNESZ_USNAqtrAR2,coefficient
BridgeEqnCoeffs,GFNESZ_USNAqtrAR3,coefficient
BridgeEqnCoeffs,GFNESZ_USNAqtrAR4,coefficient
BridgeEqnCoeffs,GFNESZ_USNAqtrConstant,coefficient
BridgeEqnCoeffs,GFNIEZ_USNAqtrAR1,coefficient
BridgeEqnCoeffs,GFNIEZ_USNAqtrAR2,coefficient
BridgeEqnCoeffs,GFNIEZ_USNAqtrAR3,coefficient
BridgeEqnCoeffs,GFNIEZ_USNAqtrAR4,coefficient
BridgeEqnCoeffs,GFNIEZ_USNAqtrConstant,coefficient
BridgeEqnCoeffs,GFNIPZ_USNAqtrAR1,coefficient
BridgeEqnCoeffs,GFNIPZ_USNAqtrAR2,coefficient
BridgeEqnCoeffs,GFNIPZ_USNAqtrAR3,coefficient
BridgeEqnCoeffs,GFNIPZ_USNAqtrAR4,coefficient
BridgeEqnCoeffs,GFNIPZ_USNAqtrConstant,coefficient
BridgeEqnCoeffs,GFNISZ_USNAqtrCPGF@USECON,coefficient
BridgeEqnCoeffs,GFNISZ_USNAqtrConstant,coefficient
BridgeEqnCoeffs,GFNSFZ_USNAqtrAR1,coefficient
BridgeEqnCoeffs,GFNSFZ_USNAqtrAR2,coefficient
BridgeEqnCoeffs,GFNSFZ_USNAqtrAR3,coefficient
BridgeEqnCoeffs,GFNSFZ_USNAqtrAR4,coefficient
BridgeEqnCoeffs,GFNSFZ_USNAqtrConstant,coefficient
BridgeEqnCoeffs,GGNESZ_USNAqtrConstant,coefficient
BridgeEqnCoeffs,GGNESZ_USNAqtrNonDefenseEmployment,coefficient
BridgeEqnCoeffs,GGSESZ_USNAqtrConstant,coefficient
BridgeEqnCoeffs,GGSESZ_USNAqtrStateLocalEmp,coefficient
BridgeEqnCoeffs,GNOAIZ_USNAqtrAR1,coefficient
BridgeEqnCoeffs,GNOAIZ_USNAqtrAR2,coefficient
BridgeEqnCoeffs,GNOAIZ_USNAqtrAR3,coefficient
BridgeEqnCoeffs,GNOAIZ_USNAqtrAR4,coefficient
BridgeEqnCoeffs,GNOAIZ_USNAqtrConstant,coefficient
BridgeEqnCoeffs,GNOSSZ_USNAqtrAR1,coefficient
BridgeEqnCoeffs,GNOSSZ_USNAqtrAR2,coefficient
BridgeEqnCoeffs,GNOSSZ_USNAqtrAR3,coefficient
BridgeEqnCoeffs,GNOSSZ_USNAqtrAR4,coefficient
BridgeEqnCoeffs,GNOSSZ_USNAqtrConstant,coefficient
BridgeEqnCoeffs,GSEPIZ_USNAqtrAR1,coefficient
BridgeEqnCoeffs,GSEPIZ_USNAqtrAR2,coefficient
BridgeEqnCoeffs,GSEPIZ_USNAqtrAR3,coefficient
BridgeEqnCoeffs,GSEPIZ_USNAqtrAR4,coefficient
BridgeEqnCoeffs,GSEPIZ_USNAqtrConstant,coefficient
BridgeEqnCoeffs,GSESFZ_USNAqtrAR1,coefficient
BridgeEqnCoeffs,GSESFZ_USNAqtrAR2,coefficient
BridgeEqnCoeffs,GSESFZ_USNAqtrAR3,coefficient
BridgeEqnCoeffs,GSESFZ_USNAqtrAR4,coefficient
BridgeEqnCoeffs,GSESFZ_USNAqtrConstant,coefficient
BridgeEqnCoeffs,GSIEZ_USNAqtrConstant,coefficient
BridgeEqnCoeffs,GSIEZ_USNAqtrIP@IP,coefficient
BridgeEqnCoeffs,GSIPZ_USNAqtrAR1,coefficient
BridgeEqnCoeffs,GSIPZ_USNAqtrAR2,coefficient
BridgeEqnCoeffs,GSIPZ_USNAqtrAR3,coefficient
BridgeEqnCoeffs,GSIPZ_USNAqtrAR4,coefficient
BridgeEqnCoeffs,GSIPZ_USNAqtrConstant,coefficient
BridgeEqnCoeffs,GSISZ_USNAqtrCPGS@USECON,coefficient
BridgeEqnCoeffs,GSISZ_USNAqtrConstant,coefficient
BridgeEqnCoeffs,GSOAIZ_USNAqtrAR1,coefficient
BridgeEqnCoeffs,GSOAIZ_USNAqtrAR2,coefficient
BridgeEqnCoeffs,GSOAIZ_USNAqtrAR3,coefficient
BridgeEqnCoeffs,GSOAIZ_USNAqtrAR4,coefficient
BridgeEqnCoeffs,GSOAIZ_USNAqtrConstant,coefficient
BridgeEqnCoeffs,GSOSSZ_USNAqtrAR1,coefficient
BridgeEqnCoeffs,GSOSSZ_USNAqtrAR2,coefficient
BridgeEqnCoeffs,GSOSSZ_USNAqtrAR3,coefficient
BridgeEqnCoeffs,GSOSSZ_USNAqtrAR4,coefficient
BridgeEqnCoeffs,GSOSSZ_USNAqtrConstant,coefficient
BridgeEqnCoeffs,HerzonCoreEQtyConstant,coefficient
BridgeEqnCoeffs,HerzonCoreEQtyNetCoreCapGoodsShipments,coefficient
BridgeEqnCoeffs,MVIUTZ_USNAqtrAR1,coefficient
BridgeEqnCoeffs,MVIUTZ_USNAqtrAR2,coefficient
BridgeEqnCoeffs,MVIUTZ_USNAqtrAR3,coefficient
BridgeEqnCoeffs,MVIUTZ_USNAqtrAR4,coefficient
BridgeEqnCoeffs,MVIUTZ_USNAqtrConstant,coefficient
BridgeEqnCoeffs,NResStructExMineWellQuantCPVD@USECON,coefficient
BridgeEqnCoeffs,NResStructExMineWellQuantConstant,coefficient
BridgeEqnCoeffs,NatDefenseTreasCatsQtyConstant,coefficient
BridgeEqnCoeffs,NatDefenseTreasCatsQtysaFTOD@USECON,coefficient
BridgeEqnCoeffs,TIZ_USNAqtrConstant,coefficient
BridgeEqnCoeffs,TIZ_USNAqtrMonthlyRealBusTruckSales,coefficient
CIPIbeastackFore,VNRDVHM_USNA,model_output
CIPIbeastackFore,VNWWHM_USNA,model_output
CIPIbeastackFore,dBeaNMIDG_USECON,model_output
CIPIbeastackFore,dBeaNMING_USECON,model_output
CIPIbeastackFore,dBeaNRIXM_USECON,model_output
CIPIbeastackFore,dBeaNWIH_USECON,model_output
ConsFactorAugARCoeffs,CDMVNHM_USNA,coefficient
ConsFactorAugARCoeffs,CDMVUHM_USNA,coefficient
ConsFactorAugARCoeffs,CNEHM_USNA,coefficient
ConsFactorAugARCoeffs,CSDTFHM_USNARev,coefficient
ConsFactorAugARCoeffs,CSEHM_USNAFore,coefficient
ConsFactorAugARCoeffs,CSFPHM_USNA,coefficient
ConsFactorAugARCoeffs,CSFTOHM_USNARev,coefficient
ConsFactorAugARCoeffs,CoreRealRetailPCEQtyExFoodSvc,coefficient
ConsFactorAugARCoeffs,HerzonServicesLessFoodUtilTravelQty,coefficient
ConsMonthlyLevels,CDMNM_USNA,raw
ConsMonthlyLevels,CDMTNM_USNA,raw
ConsMonthlyLevels,CDMVNHM_USNA,raw
ConsMonthlyLevels,CDMVNM_USNA,raw
ConsMonthlyLevels,CDMVUM_USNA,raw
ConsMonthlyLevels,CNEM_USNA,raw
ConsMonthlyLevels,CSDTFM_USNA,raw
ConsMonthlyLevels,CSEM_USNA,raw
ConsMonthlyLevels,CSFPM_USNA,raw
ConsMonthlyLevels,CSFTOM_USNA,raw
ConsMonthlyLevels,sumCoreNomRetailPCEExFoodSvc,constructed
ConsMonthlyLevels,sumNomServicesPCEExFoodExUtilExForTravel,constructed
ConsTransformedMonthlySeries,BMBSMR_USINT,constructed(transform of raw)
ConsTransformedMonthlySeries,BMBSMR_USINTPrevious,constructed
ConsTransformedMonthlySeries,BMBSXR_USINT,constructed(transform of raw)
ConsTransformedMonthlySeries,BMBSXR_USINTPrevious,constructed
ConsTransformedMonthlySeries,CDMVUHM_USNA,constructed(transform of raw)
ConsTransformedMonthlySeries,CNEHM_USNA,constructed(transform of raw)
ConsTransformedMonthlySeries,CSDTFHM_USNA,constructed(transform of raw)
ConsTransformedMonthlySeries,CSDTFHM_USNARev,data+model_output
ConsTransformedMonthlySeries,CSEHM_USNA,constructed(transform of raw)
ConsTransformedMonthlySeries,CSEHM_USNAFore,data+model_output
ConsTransformedMonthlySeries,CSFPHM_USNA,constructed(transform of raw)
ConsTransformedMonthlySeries,CSFPMDeffr,data+model_output
ConsTransformedMonthlySeries,CSFTOHM_USNA,constructed(transform of raw)
ConsTransformedMonthlySeries,CSFTOHM_USNARev,data+model_output
ConsTransformedMonthlySeries,CoreRealRetailPCEDefExFoodSvcfr,data+model_output
ConsTransformedMonthlySeries,CoreRealRetailPCEQtyExFoodSvc,constructed
ConsTransformedMonthlySeries,HerzonServicesLessFoodUtilTravelQty,constructed
ConsTransformedMonthlySeries,IPUTL_IP,constructed(transform of raw)
ConsTransformedMonthlySeries,NRSV2_USECON,constructed(transform of raw)
ConsTransformedMonthlySeries,NRSV2_USECONPrevious,constructed
ConsTransformedMonthlySeries,NRSXMI47_USECONPrevlessNRSV2_USECONPrev,constructed
ConsTransformedMonthlySeries,NRSXMI47_USECONlessNRSV2_USECON,constructed(transform of raw)
FactorAugARCoeffs,ASCPU@USNA,coefficient
FactorAugARCoeffs,ASTOT@USECON,coefficient
FactorAugARCoeffs,BusShareTrucks,coefficient
FactorAugARCoeffs,CPGF@USECON,coefficient
FactorAugARCoeffs,CPGS@USECON,coefficient
FactorAugARCoeffs,CPVD@USECON,coefficient
FactorAugARCoeffs,CoreCapGoodsExports,coefficient
FactorAugARCoeffs,CoreCapGoodsImports,coefficient
FactorAugARCoeffs,CoreCapGoodsShipments,coefficient
FactorAugARCoeffs,IP@IP,coefficient
FactorAugARCoeffs,IPB31@IP,coefficient
FactorAugARCoeffs,LAFGDA@LABOR,coefficient
FactorAugARCoeffs,LAFGOVA@USECON,coefficient
FactorAugARCoeffs,LAPBSVA@USECON,coefficient
FactorAugARCoeffs,LAPTSVA@USECON,coefficient
FactorAugARCoeffs,LPD61DA@LABOR,coefficient
FactorAugARCoeffs,MobileHomeVal,coefficient
FactorAugARCoeffs,NetExportsGoodsMonthlyContrib,coefficient
FactorAugARCoeffs,NetSvcExportsMonthlyContrib,coefficient
FactorAugARCoeffs,NondefenseAircraftNetShipments,coefficient
FactorAugARCoeffs,RetSalesResEquip,coefficient
FactorAugARCoeffs,SplicedBuildingMaterials,coefficient
FactorAugARCoeffs,SplicedComputersShipments,coefficient
FactorAugARCoeffs,SplicedExportsComputersAndRelated,coefficient
FactorAugARCoeffs,SplicedGoodsExports,coefficient
FactorAugARCoeffs,SplicedGoodsImports,coefficient
FactorAugARCoeffs,SplicedImportsComputersAndRelated,coefficient
FactorAugARCoeffs,SplicedNewHousingConstruction,coefficient
FactorAugARCoeffs,SplicedServiceExports,coefficient
FactorAugARCoeffs,SplicedServiceImports,coefficient
FactorAugARCoeffs,StateLocalEmp,coefficient
FactorAugARCoeffs,TLTSAR@USECON,coefficient
FactorAugARCoeffs,TSHSU@USNA,coefficient
FactorAugARCoeffs,saFTO@USECON,coefficient
FactorAugARCoeffs,saFTOD@USECON,coefficient
FactorAugARCoeffs,valExHomeSales,coefficient
FactorAugARCoeffs,valNewHomeSales,coefficient
FarmOtherInvCoeffs,1,coefficient
FarmOtherInvCoeffs,2,coefficient
FarmOtherInvCoeffs,3,coefficient
FarmOtherInvCoeffs,4,coefficient
FarmOtherInvCoeffs,Constant,coefficient
FarmOtherInvCoeffs,SFZ_USNA,coefficient
FarmOtherInvCoeffs,SNOZ_USNAqtrExtrap,coefficient
InvDefDatafr,DSNMD_USNA,data+model_output
InvDefDatafr,DSNMN_USNA,data+model_output
InvDefDatafr,DSNRDV_USNA,data+model_output
InvDefDatafr,DSNWM_USNA,data+model_output
InvDefDatafr,DSNWW_USNA,data+model_output
InvDefDatafr,priceRETINVexautoSplice,data+model_output
InventoryRaw,NMIDG_USECON,raw
InventoryRaw,NMING_USECON,raw
InventoryRaw,NRIXM_USECON,raw
InventoryRaw,NWIH_USECON,raw
InventoryRaw,VNMDIM_USNA,raw
InventoryRaw,VNMNIM_USNA,raw
InventoryRaw,VNRDVIM_USNA,raw
InventoryRaw,VNRIM_USNA,raw
InventoryRaw,VNWLMIM_USNA,raw
MonthlyLevels,ASCPU@USNA,raw
MonthlyLevels,ASTOT@USECON,raw
MonthlyLevels,BusShareTrucks,constructed
MonthlyLevels,CoreCapGoodsExports,constructed
MonthlyLevels,CoreCapGoodsImports,constructed
MonthlyLevels,CoreCapGoodsShipments,constructed
MonthlyLevels,LAFGDA@LABOR,raw
MonthlyLevels,LAFGOVA@USECON,raw
MonthlyLevels,SplicedComputersShipments,constructed
MonthlyLevels,SplicedExportsComputersAndRelated,constructed
MonthlyLevels,SplicedGoodsExports,constructed
MonthlyLevels,SplicedGoodsImports,constructed
MonthlyLevels,SplicedImportsComputersAndRelated,constructed
MonthlyLevels,SplicedServiceExports,constructed
MonthlyLevels,SplicedServiceImports,constructed
MonthlyLevels,TLTSAR@USECON,raw
MonthlyLevels,TSHSU@USNA,raw
MonthlyLevels,valExHomeSales,constructed
MonthlyLevels,valNewHomeSales,constructed
MonthlyPriceLevels,ExpSvcDefmthA1fr,data+model_output
MonthlyPriceLevels,ImpSvcDefmthA1fr,data+model_output
MonthlyPriceLevels,MGDPN_USECONsplicefr,data+model_output
MonthlyPriceLevels,PMEA_USECONsplicefr,data+model_output
MonthlyPriceLevels,PXEA_USECONsplicefr,data+model_output
NomQtrlyComps,AINX_USNAqtr,constructed
NomQtrlyComps,FNENPX_USNAqtr,constructed
NomQtrlyComps,FNETPX_USNAqtr,constructed
NomQtrlyComps,FNPEX_USNAqtr,constructed
NomQtrlyComps,FNPRX_USNAqtr,constructed
NomQtrlyComps,FNPSX_USNAqtr,constructed
NomQtrlyComps,FNSMIX_USNAqtr,constructed
NomQtrlyComps,FNSMPX_USNAqtr,constructed
NomQtrlyComps,FREX_USNAqtr,constructed
NomQtrlyComps,FRSBKX_USNAqtr,constructed
NomQtrlyComps,FRSHDX_USNAqtr,constructed
NomQtrlyComps,FRSHMX_USNAqtr,constructed
NomQtrlyComps,FRSINX_USNAqtr,constructed
NomQtrlyComps,FRSPX_USNAqtr,constructed
NomQtrlyComps,GFDENX_USNAqtr,constructed
NomQtrlyComps,GFDESLX_USNAqtr,constructed
NomQtrlyComps,GFDESVX_USNAqtr,constructed
NomQtrlyComps,GFDIPX_USNAqtr,constructed
NomQtrlyComps,GFDSFX_USNAqtr,constructed
NomQtrlyComps,GFNEDX_USNAqtr,constructed
NomQtrlyComps,GFNENX_USNAqtr,constructed
NomQtrlyComps,GFNESX_USNAqtr,constructed
NomQtrlyComps,GFNIEX_USNAqtr,constructed
NomQtrlyComps,GFNIPX_USNAqtr,constructed
NomQtrlyComps,GFNISX_USNAqtr,constructed
NomQtrlyComps,GFNSFX_USNAqtr,constructed
NomQtrlyComps,GGNESX_USNAqtr,constructed
NomQtrlyComps,GGSESX_USNAqtr,constructed
NomQtrlyComps,GSEPIX_USNAqtr,constructed
NomQtrlyComps,GSESFX_USNAqtr,constructed
NomQtrlyComps,GSIEX_USNAqtr,constructed
NomQtrlyComps,GSIPX_USNAqtr,constructed
NomQtrlyComps,GSISX_USNAqtr,constructed
NomQtrlyComps,LightTruckShare,constructed
NomQtrlyComps,MVIUTX_USNAqtr,constructed
NomQtrlyComps,NomNatDefenseTreasCats,constructed
NomQtrlyComps,TIX_USNAqtr,constructed
NomQtrlyComps,negGDOAIX_USNAqtr,constructed
NomQtrlyComps,negGDOSSX_USNAqtr,constructed
NomQtrlyComps,negGNOAIX_USNAqtr,constructed
NomQtrlyComps,negGNOSSX_USNAqtr,constructed
NomQtrlyComps,negGSOAIX_USNAqtr,constructed
NomQtrlyComps,negGSOSSX_USNAqtr,constructed
NomQtrlyComps,nomCoreE,constructed
NomQtrlyComps,nomNResStructExMineWell,constructed
QtrlyBVARForecasts,FNEZ_USNAqtr,model_output
QtrlyBVARForecasts,FNPZ_USNAqtr,model_output
QtrlyBVARForecasts,FNSZ_USNAqtr,model_output
QtrlyBVARForecasts,FRZ_USNAqtr,model_output
QtrlyBVARForecasts,GFZ_USNAqtr,model_output
QtrlyBVARForecasts,GSZ_USNAqtr,model_output
QtrlyBVARForecasts,MMZ_USNAqtr,model_output
QtrlyBVARForecasts,MSZ_USNAqtr,model_output
QtrlyBVARForecasts,VZ_USNAqtr,model_output
QtrlyBVARForecasts,XMZ_USNAqtr,model_output
QtrlyBVARForecasts,XSZ_USNAqtr,model_output
QtrlyGDPData,DSNMD_USNA,raw
QtrlyGDPData,DSNMN_USNA,raw
QtrlyGDPData,DSNO_USNAqtr,constructed
QtrlyGDPData,DSNRDV_USNA,raw
QtrlyGDPData,DSNWM_USNA,raw
QtrlyGDPData,DSNWW_USNA,raw
QtrlyGDPData,DSf_USNA,raw
QtrlyGDPData,SFZ_USNA,raw
QtrlyGDPData,SNMDZ_USNA,raw
QtrlyGDPData,SNMNZ_USNA,raw
QtrlyGDPData,SNOZ_USNAqtrExtrap,constructed
QtrlyGDPData,SNRDVZ_USNA,raw
QtrlyGDPData,SNWMZ_USNA,raw
QtrlyGDPData,SNWWZ_USNA,raw
QtrlyGDPData,SZ_USNA,raw
QtrlyGDPData,priceRETINVexautoSplice,constructed
QtrlyGDPData,quantRETINVexautoSplice,constructed
RLSweights,FNEZ_USNAqtr,coefficient
RLSweights,FNPZ_USNAqtr,coefficient
RLSweights,FNSZ_USNAqtr,coefficient
RLSweights,FRZ_USNAqtr,coefficient
RLSweights,GFZ_USNAqtr,coefficient
RLSweights,GSZ_USNAqtr,coefficient
RLSweights,PTVH_USNAqtr,coefficient
RLSweights,PTXNETMH_USNAqtr,coefficient
RLSweights,PTXNETSH_USNAqtr,coefficient
TransformedMonthlySeries,ASCPU@USNA,constructed(transform of raw)
TransformedMonthlySeries,ASTOT@USECON,constructed(transform of raw)
TransformedMonthlySeries,BusShareTrucks,constructed
TransformedMonthlySeries,CPGF@USECON,constructed(transform of raw)
TransformedMonthlySeries,CPGS@USECON,constructed(transform of raw)
TransformedMonthlySeries,CPVD@USECON,constructed(transform of raw)
TransformedMonthlySeries,CoreCapGoodsExports,constructed
TransformedMonthlySeries,CoreCapGoodsImports,constructed
TransformedMonthlySeries,CoreCapGoodsShipments,constructed
TransformedMonthlySeries,IP@IP,constructed(transform of raw)
TransformedMonthlySeries,IPB31@IP,constructed(transform of raw)
TransformedMonthlySeries,LAFGDA@LABOR,constructed(transform of raw)
TransformedMonthlySeries,LAFGOVA@USECON,constructed(transform of raw)
TransformedMonthlySeries,LAPBSVA@USECON,constructed(transform of raw)
TransformedMonthlySeries,LAPTSVA@USECON,constructed(transform of raw)
TransformedMonthlySeries,LPD61DA@LABOR,constructed(transform of raw)
TransformedMonthlySeries,MobileHomeVal,constructed
TransformedMonthlySeries,NetExportsGoodsMonthlyContrib,constructed
TransformedMonthlySeries,NetSvcExportsMonthlyContrib,constructed
TransformedMonthlySeries,NondefenseAircraftNetShipments,constructed
TransformedMonthlySeries,RetSalesResEquip,constructed
TransformedMonthlySeries,SplicedBuildingMaterials,constructed
TransformedMonthlySeries,SplicedComputersShipments,constructed
TransformedMonthlySeries,SplicedExportsComputersAndRelated,constructed
TransformedMonthlySeries,SplicedGoodsExports,constructed
TransformedMonthlySeries,SplicedGoodsImports,constructed
TransformedMonthlySeries,SplicedImportsComputersAndRelated,constructed
TransformedMonthlySeries,SplicedNewHousingConstruction,constructed
TransformedMonthlySeries,SplicedServiceExports,constructed
TransformedMonthlySeries,SplicedServiceImports,constructed
TransformedMonthlySeries,StateLocalEmp,constructed
TransformedMonthlySeries,TLTSAR@USECON,constructed(transform of raw)
TransformedMonthlySeries,TSHSU@USNA,constructed(transform of raw)
TransformedMonthlySeries,saFTO@USECON,constructed(transform of raw)
TransformedMonthlySeries,saFTOD@USECON,constructed(transform of raw)
TransformedMonthlySeries,valExHomeSales,constructed
TransformedMonthlySeries,valNewHomeSales,constructed
dLogQtrlyGrowth,FNPEZ_USNAqtr,constructed
dLogQtrlyGrowth,FNSMIZ_USNAqtr,constructed
dLogQtrlyGrowth,FRSHDZ_USNAqtr,constructed
dLogQtrlyGrowth,GDOAIZ_USNAqtr,constructed
dLogQtrlyGrowth,GDOSSZ_USNAqtr,constructed
dLogQtrlyGrowth,GFDENZ_USNAqtr,constructed
dLogQtrlyGrowth,GFDESLZ_USNAqtr,constructed
dLogQtrlyGrowth,GFDIPZ_USNAqtr,constructed
dLogQtrlyGrowth,GFDSFZ_USNAqtr,constructed
dLogQtrlyGrowth,GFNESZ_USNAqtr,constructed
dLogQtrlyGrowth,GFNIEZ_USNAqtr,constructed
dLogQtrlyGrowth,GFNIPZ_USNAqtr,constructed
dLogQtrlyGrowth,GFNSFZ_USNAqtr,constructed
dLogQtrlyGrowth,GNOAIZ_USNAqtr,constructed
dLogQtrlyGrowth,GNOSSZ_USNAqtr,constructed
dLogQtrlyGrowth,GSEPIZ_USNAqtr,constructed
dLogQtrlyGrowth,GSESFZ_USNAqtr,constructed
dLogQtrlyGrowth,GSIPZ_USNAqtr,constructed
dLogQtrlyGrowth,GSOAIZ_USNAqtr,constructed
dLogQtrlyGrowth,GSOSSZ_USNAqtr,constructed
dLogQtrlyGrowth,MVIUTZ_USNAqtr,constructed
ivaBEAForeStack,IVARetExAutoNAICS,model_output
ivaBEAForeStack,VNMDIM_USNA,model_output
ivaBEAForeStack,VNMNIM_USNA,model_output
ivaBEAForeStack,VNWLMIM_USNA,model_output
