sheet,key,class,used,pub_start,pub_end,wb_start,wb_end,n_overlap,growth_corr,recent_mad_over_sd,level_ratio_cv,hist_years_short,end_gap_months,status
ConsMonthlyLevels,BMBSMR_USINT,all,False,1999-01-31,2026-07-31,1999-01-31,2026-07-31,163.0,1.0,0.0,0.0,0.0,0.0,EXACT
ConsMonthlyLevels,BMBSMR_USINTPrevious,all,False,,,1999-01-31,2026-06-30,,,,,,,MISSING
ConsMonthlyLevels,BMBSXR_USINT,all,False,1999-01-31,2026-07-31,1999-01-31,2026-07-31,163.0,1.0,0.0,0.0,0.0,0.0,EXACT
ConsMonthlyLevels,BMBSXR_USINTPrevious,all,False,,,1999-01-31,2026-06-30,,,,,,,MISSING
ConsMonthlyLevels,CDMNM_USNA,all,True,1959-01-31,2026-08-31,1959-01-31,2026-08-31,164.0,1.0,0.0,0.0,0.0,0.0,EXACT
ConsMonthlyLevels,CDMTNM_USNA,all,True,1959-01-31,2026-08-31,1959-01-31,2026-08-31,164.0,1.0,0.0,0.0,0.0,0.0,EXACT
ConsMonthlyLevels,CDMVNHM_USNA,all,True,1959-01-31,2026-08-31,1959-01-31,2026-08-31,164.0,1.0,0.0,0.0,0.0,0.0,EXACT
ConsMonthlyLevels,CDMVNM_USNA,all,True,1959-01-31,2026-08-31,1959-01-31,2026-08-31,164.0,1.0,0.0,0.0,0.0,0.0,EXACT
ConsMonthlyLevels,CDMVUHM_USNA,all,False,1959-01-31,2026-08-31,1959-01-31,2026-08-31,164.0,1.0,0.0,0.0001,0.0,0.0,EXACT
ConsMonthlyLevels,CDMVUM_USNA,all,True,1959-01-31,2026-08-31,1959-01-31,2026-08-31,164.0,1.0,0.0,0.0,0.0,0.0,EXACT
ConsMonthlyLevels,CNEHM_USNA,all,False,1959-01-31,2026-08-31,1959-01-31,2026-08-31,164.0,0.9999,0.004,0.0003,0.0,0.0,EXACT
ConsMonthlyLevels,CNEM_USNA,all,True,1959-01-31,2026-08-31,1959-01-31,2026-08-31,164.0,1.0,0.0,0.0,0.0,0.0,EXACT
ConsMonthlyLevels,CSDTFHM_USNA,all,False,1959-01-31,2026-08-31,1959-01-31,2026-08-31,164.0,1.0,0.0,0.0,0.0,0.0,EXACT
ConsMonthlyLevels,CSDTFHM_USNARev,all,False,,,,,,,,,,,NOT-BUILT
ConsMonthlyLevels,CSDTFM_USNA,all,True,1959-01-31,2026-08-31,1959-01-31,2026-08-31,164.0,1.0,0.0,0.0,0.0,0.0,EXACT
ConsMonthlyLevels,CSEHM_USNA,all,False,1959-01-31,2026-08-31,1959-01-31,2026-08-31,164.0,1.0,0.001,0.0,0.0,0.0,EXACT
ConsMonthlyLevels,CSEHM_USNAFore,all,False,,,,,,,,,,,NOT-BUILT
ConsMonthlyLevels,CSEM_USNA,all,True,1959-01-31,2026-08-31,1959-01-31,2026-08-31,164.0,1.0,0.0,0.0,0.0,0.0,EXACT
ConsMonthlyLevels,CSFPHM_USNA,all,False,1959-01-31,2026-08-31,1959-01-31,2026-08-31,164.0,1.0,0.001,0.0,0.0,0.0,EXACT
ConsMonthlyLevels,CSFPMDeffr,all,False,,,,,,,,,,,NOT-BUILT
ConsMonthlyLevels,CSFPM_USNA,all,True,1959-01-31,2026-08-31,1959-01-31,2026-08-31,164.0,1.0,0.0,0.0,0.0,0.0,EXACT
ConsMonthlyLevels,CSFTOHM_USNA,all,False,1959-01-31,2026-08-31,1959-01-31,2026-08-31,164.0,1.0,0.002,0.0001,0.0,0.0,EXACT
ConsMonthlyLevels,CSFTOHM_USNARev,all,False,,,,,,,,,,,NOT-BUILT
ConsMonthlyLevels,CSFTOM_USNA,all,True,1959-01-31,2026-08-31,1959-01-31,2026-08-31,164.0,1.0,0.0,0.0,0.0,0.0,EXACT
ConsMonthlyLevels,CoreRealRetailPCEDefExFoodSvcfr,all,False,,,,,,,,,,,NOT-BUILT
ConsMonthlyLevels,CoreRealRetailPCEQtyExFoodSvc,all,False,1959-01-31,2026-08-31,1959-01-31,2026-08-31,164.0,0.9996,0.041,0.0002,0.0,0.0,EXACT
ConsMonthlyLevels,HerzonServicesLessFoodUtilTravelQty,all,False,1959-01-31,2026-08-31,1959-01-31,2026-08-31,164.0,1.0,0.003,0.0,0.0,0.0,EXACT
ConsMonthlyLevels,IPUTL_IP,all,False,1947-01-31,2026-08-31,1959-01-31,2026-08-31,164.0,1.0,0.0,0.0,-12.0,0.0,EXACT
ConsMonthlyLevels,NRSV2_USECON,all,False,1992-01-31,2026-08-31,1967-01-31,2026-08-31,164.0,1.0,0.0,0.0,25.0,0.0,EXACT+SHORT
ConsMonthlyLevels,NRSV2_USECONPrevious,all,False,1992-01-31,2026-07-31,1967-01-31,2026-07-31,163.0,1.0,0.0,0.0,25.0,0.0,EXACT+SHORT
ConsMonthlyLevels,NRSXMI47_USECON,all,False,1992-01-31,2026-08-31,1992-01-31,2026-08-31,164.0,0.9997,0.051,0.0003,0.0,0.0,GOOD
ConsMonthlyLevels,NRSXMI47_USECONPrevious,all,False,1992-01-31,2026-07-31,1992-01-31,2026-07-31,163.0,0.9997,0.065,0.0002,0.0,0.0,GOOD
ConsMonthlyLevels,NRSXMI47_USECONPrevlessNRSV2_USECONPrev,all,False,1992-01-31,2026-07-31,1992-01-31,2026-07-31,163.0,0.9992,0.077,0.0003,0.0,0.0,GOOD
ConsMonthlyLevels,NRSXMI47_USECONlessNRSV2_USECON,all,False,1992-01-31,2026-08-31,1992-01-31,2026-08-31,164.0,0.9992,0.06,0.0003,0.0,0.0,GOOD
ConsMonthlyLevels,sumCoreNomRetailPCEExFoodSvc,all,True,1959-01-31,2026-08-31,1959-01-31,2026-08-31,164.0,0.9996,0.035,0.0002,0.0,0.0,EXACT
ConsMonthlyLevels,sumNomServicesPCEExFoodExUtilExForTravel,all,True,1959-01-31,2026-08-31,1959-01-31,2026-08-31,164.0,1.0,0.0,0.0,0.0,0.0,EXACT
ConsTransformedMonthlySeries,BMBSMR_USINT,all,True,1999-02-28,2026-07-31,1999-02-28,2026-07-31,163.0,1.0,0.0,0.0,0.0,0.0,EXACT
ConsTransformedMonthlySeries,BMBSMR_USINTPrevious,all,True,,,1999-02-28,2026-06-30,,,,,,,MISSING
ConsTransformedMonthlySeries,BMBSXR_USINT,all,True,1999-02-28,2026-07-31,1999-02-28,2026-07-31,163.0,1.0,0.0,0.0,0.0,0.0,EXACT
ConsTransformedMonthlySeries,BMBSXR_USINTPrevious,all,True,,,1999-02-28,2026-06-30,,,,,,,MISSING
ConsTransformedMonthlySeries,CDMNM_USNA,all,False,1959-02-28,2026-08-31,1959-02-28,2026-08-31,164.0,1.0,0.0,0.0,0.0,0.0,EXACT
ConsTransformedMonthlySeries,CDMTNM_USNA,all,False,1959-02-28,2026-08-31,1959-02-28,2026-08-31,164.0,1.0,0.0,0.0,0.0,0.0,EXACT
ConsTransformedMonthlySeries,CDMVNHM_USNA,all,False,1959-02-28,2026-08-31,1959-02-28,2026-08-31,164.0,1.0,0.0,0.0342,0.0,0.0,EXACT
ConsTransformedMonthlySeries,CDMVNM_USNA,all,False,1959-02-28,2026-08-31,1959-02-28,2026-08-31,164.0,1.0,0.0,0.0,0.0,0.0,EXACT
ConsTransformedMonthlySeries,CDMVUHM_USNA,all,True,1959-02-28,2026-08-31,1959-02-28,2026-08-31,164.0,1.0,0.0,0.0007,0.0,0.0,EXACT
ConsTransformedMonthlySeries,CDMVUM_USNA,all,False,1959-02-28,2026-08-31,1959-02-28,2026-08-31,164.0,1.0,0.0,0.0,0.0,0.0,EXACT
ConsTransformedMonthlySeries,CNEHM_USNA,all,True,1959-02-28,2026-08-31,1959-02-28,2026-08-31,164.0,1.0,0.002,0.0318,0.0,0.0,EXACT
ConsTransformedMonthlySeries,CNEM_USNA,all,False,1959-02-28,2026-08-31,1959-02-28,2026-08-31,164.0,1.0,0.0,0.0,0.0,0.0,EXACT
ConsTransformedMonthlySeries,CSDTFHM_USNA,all,True,1959-02-28,2026-08-31,1959-02-28,2026-08-31,164.0,1.0,0.0,0.0007,0.0,0.0,EXACT
ConsTransformedMonthlySeries,CSDTFHM_USNARev,all,True,1959-02-28,2026-08-31,1959-02-28,2026-08-31,164.0,1.0,0.0,0.0007,0.0,0.0,EXACT
ConsTransformedMonthlySeries,CSDTFM_USNA,all,False,,,,,,,,,,,NOT-BUILT
ConsTransformedMonthlySeries,CSEHM_USNA,all,True,1959-02-28,2026-08-31,1959-02-28,2026-08-31,164.0,1.0,0.001,0.0037,0.0,0.0,EXACT
ConsTransformedMonthlySeries,CSEHM_USNAFore,all,True,1959-02-28,2026-08-31,1959-02-28,2026-08-31,164.0,1.0,0.001,0.0037,0.0,0.0,EXACT
ConsTransformedMonthlySeries,CSEM_USNA,all,False,1959-02-28,2026-08-31,1959-02-28,2026-08-31,164.0,1.0,0.0,0.0,0.0,0.0,EXACT
ConsTransformedMonthlySeries,CSFPHM_USNA,all,True,1959-02-28,2026-08-31,1959-02-28,2026-08-31,164.0,1.0,0.001,0.0052,0.0,0.0,EXACT
ConsTransformedMonthlySeries,CSFPMDeffr,all,True,1959-02-28,2026-08-31,1959-02-28,2026-12-31,164.0,0.9989,0.002,0.0028,0.0,4.0,GOOD+ENDS-EARLY
ConsTransformedMonthlySeries,CSFPM_USNA,all,False,1959-02-28,2026-08-31,1959-02-28,2026-08-31,164.0,1.0,0.0,0.0,0.0,0.0,EXACT
ConsTransformedMonthlySeries,CSFTOHM_USNA,all,True,1959-02-28,2026-08-31,1959-02-28,2026-08-31,164.0,1.0,0.001,0.0107,0.0,0.0,EXACT
ConsTransformedMonthlySeries,CSFTOHM_USNARev,all,True,1959-02-28,2026-08-31,1959-02-28,2026-08-31,164.0,1.0,0.001,0.0107,0.0,0.0,EXACT
ConsTransformedMonthlySeries,CSFTOM_USNA,all,False,1959-02-28,2026-08-31,1959-02-28,2026-08-31,164.0,1.0,0.0,0.0,0.0,0.0,EXACT
ConsTransformedMonthlySeries,CoreRealRetailPCEDefExFoodSvcfr,all,True,1959-02-28,2026-08-31,1959-02-28,2026-12-31,164.0,0.9957,0.085,138.0819,0.0,4.0,GOOD+ENDS-EARLY
ConsTransformedMonthlySeries,CoreRealRetailPCEQtyExFoodSvc,all,True,1959-02-28,2026-08-31,1959-02-28,2026-08-31,164.0,0.9997,0.041,0.11,0.0,0.0,EXACT
ConsTransformedMonthlySeries,HerzonServicesLessFoodUtilTravelQty,all,True,1959-02-28,2026-08-31,1959-02-28,2026-08-31,164.0,1.0,0.005,0.0411,0.0,0.0,EXACT
ConsTransformedMonthlySeries,IPUTL_IP,all,True,1947-02-28,2026-08-31,1959-02-28,2026-08-31,164.0,1.0,0.0,0.0,-12.0,0.0,EXACT
ConsTransformedMonthlySeries,NRSV2_USECON,all,True,1992-02-29,2026-08-31,1967-02-28,2026-08-31,164.0,1.0,0.0,0.0,25.0,0.0,EXACT+SHORT
ConsTransformedMonthlySeries,NRSV2_USECONPrevious,all,True,1992-02-29,2026-07-31,1967-02-28,2026-07-31,163.0,1.0,0.0,0.0,25.0,0.0,EXACT+SHORT
ConsTransformedMonthlySeries,NRSXMI47_USECON,all,False,1992-02-29,2026-08-31,1992-02-29,2026-08-31,164.0,0.9996,0.066,0.0967,0.0,0.0,GOOD
ConsTransformedMonthlySeries,NRSXMI47_USECONPrevious,all,False,1992-02-29,2026-07-31,1992-02-29,2026-07-31,163.0,0.9997,0.096,0.0919,0.0,0.0,GOOD
ConsTransformedMonthlySeries,NRSXMI47_USECONPrevlessNRSV2_USECONPrev,all,True,1992-02-29,2026-07-31,1992-02-29,2026-07-31,163.0,0.9993,0.114,0.1533,0.0,0.0,GOOD
ConsTransformedMonthlySeries,NRSXMI47_USECONlessNRSV2_USECON,all,True,1992-02-29,2026-08-31,1992-02-29,2026-08-31,164.0,0.9993,0.074,0.1192,0.0,0.0,GOOD
ConsTransformedMonthlySeries,sumCoreNomRetailPCEExFoodSvc,all,False,1959-02-28,2026-08-31,1959-02-28,2026-08-31,164.0,0.9997,0.043,0.0745,0.0,0.0,EXACT
ConsTransformedMonthlySeries,sumNomServicesPCEExFoodExUtilExForTravel,all,False,1959-02-28,2026-08-31,1959-02-28,2026-08-31,164.0,1.0,0.0,0.0,0.0,0.0,EXACT
InventoryRaw,ADS_USECON,all,False,1959-01-31,2026-08-31,1959-01-31,2026-08-31,164.0,1.0,0.0,0.0,0.0,0.0,EXACT
InventoryRaw,AFS_USECON,all,False,1959-01-31,2026-08-31,1959-01-31,2026-08-31,164.0,1.0,0.0,0.0,0.0,0.0,EXACT
InventoryRaw,C0F_USECON,all,False,,,,,,,,,,,NOT-BUILT
InventoryRaw,DTSMD1_USNA,all,False,,,1967-01-31,1996-12-31,,,,,,,MISSING
InventoryRaw,DTSMD_USNA,all,False,1997-01-31,2026-07-31,1997-01-31,2026-07-31,163.0,1.0,0.0,0.0,0.0,0.0,EXACT
InventoryRaw,DTSMN1_USNA,all,False,,,1967-01-31,1996-12-31,,,,,,,MISSING
InventoryRaw,DTSMN_USNA,all,False,1997-01-31,2026-07-31,1997-01-31,2026-07-31,163.0,1.0,0.0,0.0,0.0,0.0,EXACT
InventoryRaw,DTSR1_USNA,all,False,,,,,,,,,,,NOT-BUILT
InventoryRaw,DTSR5211_USNA,all,False,,,,,,,,,,,NOT-BUILT
InventoryRaw,DTSR5391_USNA,all,False,,,,,,,,,,,NOT-BUILT
InventoryRaw,DTSR561_USNA,all,False,,,,,,,,,,,NOT-BUILT
InventoryRaw,DTSR5711_USNA,all,False,,,,,,,,,,,NOT-BUILT
InventoryRaw,DTSR5791_USNA,all,False,,,,,,,,,,,NOT-BUILT
InventoryRaw,DTSRAD1_USNA,all,False,,,1981-01-31,1996-12-31,,,,,,,MISSING
InventoryRaw,DTSRFS1_USNA,all,False,,,,,,,,,,,NOT-BUILT
InventoryRaw,DTSRI1_USNA,all,False,1997-01-31,2026-07-31,1997-01-31,2026-07-31,163.0,1.0,0.0,0.0,0.0,0.0,EXACT
InventoryRaw,DTSRN1_USNA,all,False,,,,,,,,,,,NOT-BUILT
InventoryRaw,DTSRX1_USNA,all,False,,,1967-01-31,1996-12-31,,,,,,,MISSING
InventoryRaw,DTSR_USNA,all,False,1997-01-31,2026-07-31,1997-01-31,2026-07-31,163.0,1.0,0.0,0.0,0.0,0.0,EXACT
InventoryRaw,DTST1_USNA,all,False,,,,,,,,,,,NOT-BUILT
InventoryRaw,DTST_USNA,all,False,,,,,,,,,,,NOT-BUILT
InventoryRaw,DTSW1_USNA,all,False,,,1967-01-31,1996-12-31,,,,,,,MISSING
InventoryRaw,DTSWM_USNA,all,False,1997-01-31,2026-07-31,1997-01-31,2026-07-31,163.0,1.0,0.0,0.0,0.0,0.0,EXACT
InventoryRaw,IAU_IP,all,False,1967-01-31,2026-08-31,1967-01-31,2026-08-31,164.0,0.9999,0.036,0.003,0.0,0.0,EXACT
InventoryRaw,IP51_IP,all,False,1947-01-31,2026-08-31,1959-01-31,2026-08-31,164.0,1.0,0.0,0.0,-12.0,0.0,EXACT
InventoryRaw,IPMDG_IP,all,False,1972-01-31,2026-08-31,1972-01-31,2026-08-31,164.0,1.0,0.0,0.0,0.0,0.0,EXACT
InventoryRaw,IPMFG_IP,all,False,1947-01-31,2026-08-31,1959-01-31,2026-08-31,164.0,1.0,0.0,0.0,-12.0,0.0,EXACT
InventoryRaw,IPMND_IP,all,False,1972-01-31,2026-08-31,1972-01-31,2026-08-31,164.0,1.0,0.0,0.0,0.0,0.0,EXACT
InventoryRaw,JCNLGOM_USNA,all,False,1959-01-31,2026-08-31,1959-01-31,2026-08-31,164.0,1.0,0.0,0.0,0.0,0.0,EXACT
InventoryRaw,JCNODM_USNA,all,False,,,,,,,,,,,NOT-BUILT
InventoryRaw,JRSI1_USNA,all,False,,,,,,,,,,,NOT-BUILT
InventoryRaw,JRSI2_USNA,all,False,,,,,,,,,,,NOT-BUILT
InventoryRaw,JRSI3_USNA,all,False,,,,,,,,,,,NOT-BUILT
InventoryRaw,JRSI4_USNA,all,False,,,,,,,,,,,NOT-BUILT
InventoryRaw,JRSI5_USNA,all,False,,,,,,,,,,,NOT-BUILT
InventoryRaw,JRSI6_USNA,all,False,,,,,,,,,,,NOT-BUILT
InventoryRaw,JRSI7_USNA,all,False,,,,,,,,,,,NOT-BUILT
InventoryRaw,JRSI8_USNA,all,False,,,,,,,,,,,NOT-BUILT
InventoryRaw,JRSJ1_USNA,all,False,,,,,,,,,,,NOT-BUILT
InventoryRaw,JRSJ2_USNA,all,False,,,,,,,,,,,NOT-BUILT
InventoryRaw,JRSJ3_USNA,all,False,,,,,,,,,,,NOT-BUILT
InventoryRaw,JRSJ4_USNA,all,False,,,,,,,,,,,NOT-BUILT
InventoryRaw,JRST_USNA,all,False,,,,,,,,,,,NOT-BUILT
InventoryRaw,JRSXM_USNA,all,False,,,,,,,,,,,NOT-BUILT
InventoryRaw,JRS_USNA,all,False,,,,,,,,,,,NOT-BUILT
InventoryRaw,LADURGA_USECON,all,False,1947-01-31,2026-08-31,1959-01-31,2026-08-31,164.0,1.0,0.0,0.0,-12.0,0.0,EXACT
InventoryRaw,LANDURA_USECON,all,False,1947-01-31,2026-08-31,1959-01-31,2026-08-31,164.0,1.0,0.0,0.0,-12.0,0.0,EXACT
InventoryRaw,LARTRDA_USECON,all,False,1947-01-31,2026-08-31,1959-01-31,2026-08-31,164.0,1.0,0.0,0.0,-12.0,0.0,EXACT
InventoryRaw,LAWTRDA_USECON,all,False,1947-01-31,2026-08-31,1959-01-31,2026-08-31,164.0,1.0,0.0,0.0,-12.0,0.0,EXACT
InventoryRaw,LIDURGA_USECON,all,False,,,,,,,,,,,NOT-BUILT
InventoryRaw,LINDURA_USECON,all,False,,,,,,,,,,,NOT-BUILT
InventoryRaw,MIFDG_USECON,all,False,,,,,,,,,,,NOT-BUILT
InventoryRaw,MIFNG_USECON,all,False,,,,,,,,,,,NOT-BUILT
InventoryRaw,MIMDG_USECON,all,False,,,,,,,,,,,NOT-BUILT
InventoryRaw,MIMNG_USECON,all,False,,,,,,,,,,,NOT-BUILT
InventoryRaw,MIWDG_USECON,all,False,,,,,,,,,,,NOT-BUILT
InventoryRaw,MIWNG_USECON,all,False,,,,,,,,,,,NOT-BUILT
InventoryRaw,MODG_USECON,all,False,,,,,,,,,,,NOT-BUILT
InventoryRaw,NAPMC_USECON,all,False,1959-01-31,2026-09-30,1959-01-31,2026-09-30,165.0,0.5478,1.644,0.0531,0.0,0.0,POOR
InventoryRaw,NAPMII_USECON,all,False,1959-01-31,2026-09-30,1959-01-31,2026-09-30,165.0,0.0721,1.334,0.0439,0.0,0.0,POOR
InventoryRaw,NAPMPI_USECON,all,False,1959-01-31,2026-09-30,1959-01-31,2026-09-30,165.0,0.4002,0.673,0.1333,0.0,0.0,POOR
InventoryRaw,NARII1_USECON,all,False,,,,,,,,,,,NOT-BUILT
InventoryRaw,NARIXM_USECON,all,False,,,,,,,,,,,NOT-BUILT
InventoryRaw,NARI_USECON,all,False,,,,,,,,,,,NOT-BUILT
InventoryRaw,NAWIH_USECON,all,False,,,,,,,,,,,NOT-BUILT
InventoryRaw,NMIDG_USECON,all,True,1959-01-31,2026-08-31,1959-01-31,2026-08-31,164.0,1.0,0.0,0.0,0.0,0.0,EXACT
InventoryRaw,NMIFDG_USECON,all,False,,,,,,,,,,,NOT-BUILT
InventoryRaw,NMIFNDG_USECON,all,False,,,,,,,,,,,NOT-BUILT
InventoryRaw,NMIMDG_USECON,all,False,,,,,,,,,,,NOT-BUILT
InventoryRaw,NMIMNDG_USECON,all,False,,,,,,,,,,,NOT-BUILT
InventoryRaw,NMING_USECON,all,True,1959-01-31,2026-08-31,1959-01-31,2026-08-31,164.0,1.0,0.001,0.0,0.0,0.0,EXACT
InventoryRaw,NMIWDG_USECON,all,False,,,,,,,,,,,NOT-BUILT
InventoryRaw,NMIWNDG_USECON,all,False,,,,,,,,,,,NOT-BUILT
InventoryRaw,NMODG_USECON,all,False,,,,,,,,,,,NOT-BUILT
InventoryRaw,NMSDG_USECON,all,False,1959-01-31,2026-08-31,1959-01-31,2026-08-31,164.0,1.0,0.0,0.0,0.0,0.0,EXACT
InventoryRaw,NMSNG_USECON,all,False,1959-01-31,2026-08-31,1959-01-31,2026-08-31,164.0,1.0,0.004,0.0001,0.0,0.0,EXACT
InventoryRaw,NRIXM_USECON,all,True,1967-01-31,2026-08-31,1967-01-31,2026-08-31,164.0,0.9999,0.05,0.0002,0.0,0.0,GOOD
InventoryRaw,NRSI1_USECON,all,False,1967-01-31,2026-08-31,1967-01-31,2026-08-31,164.0,1.0,0.0,0.0,0.0,0.0,EXACT
InventoryRaw,NRSXM_USECON,all,False,1967-01-31,2026-08-31,1967-01-31,2026-08-31,164.0,1.0,0.0,0.0,0.0,0.0,EXACT
InventoryRaw,NRS_USECON,all,False,,,,,,,,,,,NOT-BUILT
InventoryRaw,NWIH_USECON,all,True,1980-12-31,2026-08-31,1980-12-31,2026-08-31,164.0,0.9996,0.044,0.0002,0.0,0.0,EXACT
InventoryRaw,NWSH_USECON,all,False,1967-01-31,2026-07-31,1967-01-31,2026-07-31,163.0,1.0,0.0,0.0,0.0,0.0,EXACT
InventoryRaw,PA41312_PPI,all,False,1947-04-30,2026-08-31,1959-01-31,2026-08-31,164.0,1.0,0.0,0.0,-11.8,0.0,EXACT
InventoryRaw,PA49207_PPI,all,False,1947-04-30,2026-08-31,1959-01-31,2026-08-31,164.0,1.0,0.0,0.0,-11.8,0.0,EXACT
InventoryRaw,PA49207_USECON,all,False,,,,,,,,,,,NOT-BUILT
InventoryRaw,PC1112_PPI,all,False,1973-01-31,2026-08-31,1973-01-31,2026-08-31,164.0,1.0,0.0,0.0,0.0,0.0,EXACT
InventoryRaw,PC1113_PPI,all,False,1973-01-31,2026-08-31,1973-01-31,2026-08-31,164.0,1.0,0.0,0.0,0.0,0.0,EXACT
InventoryRaw,PC152_PPI,all,False,,,,,,,,,,,NOT-BUILT
InventoryRaw,PC1_PPI,all,False,1947-04-30,2026-08-31,1959-01-31,2026-08-31,164.0,1.0,0.0,0.0,-11.8,0.0,EXACT
InventoryRaw,PC9115_PPI,all,False,,,,,,,,,,,NOT-BUILT
InventoryRaw,PCUSLFE_USECON,all,False,,,,,,,,,,,NOT-BUILT
InventoryRaw,PCUSND_USECON,all,False,,,,,,,,,,,NOT-BUILT
InventoryRaw,PCUSSLE_USECON,all,False,,,,,,,,,,,NOT-BUILT
InventoryRaw,PCU_USECON,all,False,,,,,,,,,,,NOT-BUILT
InventoryRaw,PZALL_USECON,all,False,,,,,,,,,,,NOT-BUILT
InventoryRaw,PZTEXP_USECON,all,False,1947-01-31,2026-08-31,1959-01-31,2026-09-30,164.0,0.9994,0.063,0.0132,-12.0,1.0,GOOD+ENDS-EARLY
InventoryRaw,TAMCA_USECON,all,False,,,,,,,,,,,NOT-BUILT
InventoryRaw,TAXA_USECON,all,False,,,,,,,,,,,NOT-BUILT
InventoryRaw,TIMDH_USNA,all,False,1997-01-31,2026-07-31,1997-01-31,2026-07-31,163.0,1.0,0.0,0.0,0.0,0.0,EXACT
InventoryRaw,TIMD_USNA,all,False,1997-01-31,2026-07-31,1997-01-31,2026-07-31,163.0,1.0,0.0,0.0,0.0,0.0,EXACT
InventoryRaw,TIMH_USNA,all,False,,,,,,,,,,,NOT-BUILT
InventoryRaw,TIMNH_USNA,all,False,1997-01-31,2026-07-31,1997-01-31,2026-07-31,163.0,1.0,0.0,0.0,0.0,0.0,EXACT
InventoryRaw,TIMN_USNA,all,False,1997-01-31,2026-07-31,1997-01-31,2026-07-31,163.0,1.0,0.0,0.0,0.0,0.0,EXACT
InventoryRaw,TIM_USNA,all,False,,,,,,,,,,,NOT-BUILT
InventoryRaw,TIRH_USNA,all,False,1997-01-31,2026-07-31,1997-01-31,2026-07-31,163.0,1.0,0.0,0.0,0.0,0.0,EXACT
InventoryRaw,TIRI1H_USNA,all,False,1997-01-31,2026-07-31,1997-01-31,2026-07-31,163.0,1.0,0.0,0.0,0.0,0.0,EXACT
InventoryRaw,TIRI1_USNA,all,False,1997-01-31,2026-07-31,1997-01-31,2026-07-31,163.0,1.0,0.0,0.0,0.0,0.0,EXACT
InventoryRaw,TIRI2H_USNA,all,False,,,,,,,,,,,NOT-BUILT
InventoryRaw,TIRI2_USNA,all,False,,,,,,,,,,,NOT-BUILT
InventoryRaw,TIRI4H_USNA,all,False,,,,,,,,,,,NOT-BUILT
InventoryRaw,TIRI4_USNA,all,False,,,,,,,,,,,NOT-BUILT
InventoryRaw,TIRI5H_USNA,all,False,,,,,,,,,,,NOT-BUILT
InventoryRaw,TIRI5_USNA,all,False,,,,,,,,,,,NOT-BUILT
InventoryRaw,TIRI8H_USNA,all,False,,,,,,,,,,,NOT-BUILT
InventoryRaw,TIRI8_USNA,all,False,,,,,,,,,,,NOT-BUILT
InventoryRaw,TIRJ2H_USNA,all,False,,,,,,,,,,,NOT-BUILT
InventoryRaw,TIRJ2_USNA,all,False,,,,,,,,,,,NOT-BUILT
InventoryRaw,TIROH_USNA,all,False,,,,,,,,,,,NOT-BUILT
InventoryRaw,TIRO_USNA,all,False,,,,,,,,,,,NOT-BUILT
InventoryRaw,TIR_USNA,all,False,1997-01-31,2026-07-31,1997-01-31,2026-07-31,163.0,1.0,0.0,0.0,0.0,0.0,EXACT
InventoryRaw,TIWMH_USNA,all,False,1997-01-31,2026-07-31,1997-01-31,2026-07-31,163.0,1.0,0.0,0.0,0.0,0.0,EXACT
InventoryRaw,TIWM_USNA,all,False,1997-01-31,2026-07-31,1997-01-31,2026-07-31,163.0,1.0,0.0,0.0,0.0,0.0,EXACT
InventoryRaw,TLSAR_USECON,all,False,1967-01-31,2026-08-31,1967-01-31,2026-08-31,164.0,1.0,0.0,0.0,0.0,0.0,EXACT
InventoryRaw,TMMCA_USINT,all,False,,,,,,,,,,,NOT-BUILT
InventoryRaw,TMSAR_USECON,all,False,1976-01-31,2026-08-31,1976-01-31,2026-08-31,164.0,1.0,0.0,0.0,0.0,0.0,EXACT
InventoryRaw,TMXA_USINT,all,False,,,,,,,,,,,NOT-BUILT
InventoryRaw,UCD_CPIDATA,all,False,1956-01-31,2026-08-31,1959-01-31,2026-08-31,164.0,1.0,0.0,0.0,-3.0,0.0,EXACT
InventoryRaw,UCN_CPIDATA,all,False,1956-01-31,2026-08-31,1959-01-31,2026-08-31,164.0,1.0,0.0,0.0,-3.0,0.0,EXACT
InventoryRaw,UEE_CPIDATA,all,False,,,,,,,,,,,NOT-BUILT
InventoryRaw,UTW_CPIDATA,all,False,1953-01-31,2026-08-31,1959-01-31,2026-08-31,164.0,1.0,0.0,0.0,-6.0,0.0,EXACT
InventoryRaw,VN2HM_USNA,all,False,,,,,,,,,,,NOT-BUILT
InventoryRaw,VNHM_USNA,all,False,,,,,,,,,,,NOT-BUILT
InventoryRaw,VNMBM_USNA,all,False,,,,,,,,,,,NOT-BUILT
InventoryRaw,VNMDB20M_USNA,all,False,,,,,,,,,,,NOT-BUILT
InventoryRaw,VNMDBM_USNA,all,False,,,,,,,,,,,NOT-BUILT
InventoryRaw,VNMDI20M_USNA,all,False,,,,,,,,,,,NOT-BUILT
InventoryRaw,VNMDIM_USNA,all,True,1997-01-31,2026-06-30,1997-01-31,2026-06-30,162.0,1.0,0.0,0.0,0.0,0.0,EXACT
InventoryRaw,VNMFM_USNA,all,False,,,,,,,,,,,NOT-BUILT
InventoryRaw,VNMIM_USNA,all,False,,,,,,,,,,,NOT-BUILT
InventoryRaw,VNMNB20M_USNA,all,False,,,,,,,,,,,NOT-BUILT
InventoryRaw,VNMNBM_USNA,all,False,,,,,,,,,,,NOT-BUILT
InventoryRaw,VNMNI20M_USNA,all,False,,,,,,,,,,,NOT-BUILT
InventoryRaw,VNMNIM_USNA,all,True,1997-01-31,2026-06-30,1997-01-31,2026-06-30,162.0,1.0,0.0,0.0,0.0,0.0,EXACT
InventoryRaw,VNRB2M_USNA,all,False,,,,,,,,,,,NOT-BUILT
InventoryRaw,VNRBM_USNA,all,False,,,,,,,,,,,NOT-BUILT
InventoryRaw,VNRDV2HM_USNA,all,False,,,,,,,,,,,NOT-BUILT
InventoryRaw,VNRDV2M_USNA,all,False,,,,,,,,,,,NOT-BUILT
InventoryRaw,VNRDVB2M_USNA,all,False,,,,,,,,,,,NOT-BUILT
InventoryRaw,VNRDVBM_USNA,all,False,,,,,,,,,,,NOT-BUILT
InventoryRaw,VNRDVHM_USNA,all,False,1997-01-31,2026-06-30,1997-01-31,2026-06-30,162.0,1.0,0.0,0.0,0.0,0.0,EXACT
InventoryRaw,VNRDVI2M_USNA,all,False,,,,,,,,,,,NOT-BUILT
InventoryRaw,VNRDVIM_USNA,all,True,1997-01-31,2026-06-30,1997-01-31,2026-06-30,162.0,1.0,0.0,0.0,0.0,0.0,EXACT
InventoryRaw,VNRDVM_USNA,all,False,,,,,,,,,,,NOT-BUILT
InventoryRaw,VNRI2M_USNA,all,False,,,,,,,,,,,NOT-BUILT
InventoryRaw,VNRIM_USNA,all,True,1997-01-31,2026-06-30,1997-01-31,2026-06-30,162.0,1.0,0.0,0.0,0.0,0.0,EXACT
InventoryRaw,VNWLMBM_USNA,all,False,,,,,,,,,,,NOT-BUILT
InventoryRaw,VNWLMIM_USNA,all,True,1997-01-31,2026-06-30,1997-01-31,2026-06-30,162.0,1.0,0.0,0.0,0.0,0.0,EXACT
InventoryRaw,VNWMB2M_USNA,all,False,,,,,,,,,,,NOT-BUILT
InventoryRaw,VNWMI2M_USNA,all,False,,,,,,,,,,,NOT-BUILT
InventoryRaw,VNWW2HM_USNA,all,False,,,,,,,,,,,NOT-BUILT
InventoryRaw,VNWWB2M_USNA,all,False,,,,,,,,,,,NOT-BUILT
InventoryRaw,VNWWHM_USNA,all,False,1997-01-31,2026-06-30,1997-01-31,2026-06-30,162.0,1.0,0.0,0.0,0.0,0.0,EXACT
InventoryRaw,VNWWI2M_USNA,all,False,,,,,,,,,,,NOT-BUILT
InventoryRaw,VNWWIM_USNA,all,False,,,,,,,,,,,NOT-BUILT
InventoryRaw,sa_PIN_PPI_,all,False,1959-01-31,2026-08-31,1959-01-31,2026-08-31,164.0,0.9945,0.101,0.0015,0.0,0.0,GOOD
InventoryRaw,sa_RMFG_PPIR_,all,False,,,,,,,,,,,NOT-BUILT
MonthlyLevels,ADS@USECON,all,False,1959-01-31,2026-08-31,1959-01-31,2026-08-31,164.0,1.0,0.0,0.0,0.0,0.0,EXACT
MonthlyLevels,ASCPU@USNA,all,True,1967-01-31,2026-08-31,1967-01-31,2026-08-31,164.0,1.0,0.0,0.0,0.0,0.0,EXACT
MonthlyLevels,ASTOT@USECON,all,True,1959-01-31,2026-08-31,1959-01-31,2026-08-31,164.0,1.0,0.0,0.0,0.0,0.0,EXACT
MonthlyLevels,BOFGX@SURVEYS,all,False,1968-05-31,2026-09-30,1968-05-31,2026-09-30,165.0,1.0,0.0,0.0,0.0,0.0,EXACT
MonthlyLevels,BOISM@SURVEYS,all,False,1968-05-31,2026-09-30,1968-05-31,2026-09-30,165.0,0.7134,1.922,0.126,0.0,0.0,POOR
MonthlyLevels,BusShareTrucks,all,True,1976-01-31,2026-08-31,1987-01-31,2026-08-31,164.0,1.0,0.002,0.0,-11.0,0.0,EXACT
MonthlyLevels,CDQM@USNA,all,False,1959-01-31,2026-08-31,1959-01-31,2026-08-31,164.0,1.0,0.002,0.0,0.0,0.0,EXACT
MonthlyLevels,CNQM@USNA,all,False,1959-01-31,2026-08-31,1959-01-31,2026-08-31,164.0,1.0,0.003,0.0,0.0,0.0,EXACT
MonthlyLevels,CPG@USECON,all,False,1959-01-31,2026-08-31,1959-01-31,2026-08-31,164.0,1.0,0.0,0.0,0.0,0.0,EXACT
MonthlyLevels,CPGF@USECON,all,False,1965-03-31,2026-08-31,1965-03-31,2026-08-31,164.0,0.9999,0.026,0.0008,0.0,0.0,EXACT
MonthlyLevels,CPGS@USECON,all,False,1965-03-31,2026-08-31,1965-03-31,2026-08-31,164.0,0.9992,0.046,0.0008,0.0,0.0,EXACT
MonthlyLevels,CPVD@USECON,all,False,1965-03-31,2026-08-31,1965-03-31,2026-08-31,164.0,0.9989,0.038,0.0008,0.0,0.0,GOOD
MonthlyLevels,CQM@USNA,all,False,1959-01-31,2026-08-31,1959-01-31,2026-08-31,164.0,1.0,0.001,0.0,0.0,0.0,EXACT
MonthlyLevels,CSQM@USNA,all,False,1959-01-31,2026-08-31,1959-01-31,2026-08-31,164.0,1.0,0.004,0.0,0.0,0.0,EXACT
MonthlyLevels,CUMFG@IP,all,False,1948-01-31,2026-08-31,1959-01-31,2026-08-31,164.0,1.0,0.0,0.0,-11.0,0.0,EXACT
MonthlyLevels,CUT@IP,all,False,1967-01-31,2026-08-31,1967-01-31,2026-08-31,164.0,1.0,0.0,0.0,0.0,0.0,EXACT
MonthlyLevels,CoreCapGoodsExports,all,True,1959-01-31,2026-08-31,1959-01-31,2026-08-31,164.0,0.9867,0.003,0.0002,0.0,0.0,FAIR
MonthlyLevels,CoreCapGoodsImports,all,True,1959-01-31,2026-08-31,1959-01-31,2026-08-31,164.0,0.9998,0.023,0.002,0.0,0.0,EXACT
MonthlyLevels,CoreCapGoodsShipments,all,True,1968-01-31,2026-08-31,1968-01-31,2026-08-31,164.0,1.0,0.002,0.0,0.0,0.0,EXACT
MonthlyLevels,CoreRetailSales,all,False,,,,,,,,,,,NOT-BUILT
MonthlyLevels,DefenseShipments,all,False,1968-01-31,2026-08-31,1968-01-31,2026-08-31,164.0,1.0,0.0,0.0,0.0,0.0,EXACT
MonthlyLevels,HN1MT@USECON,all,False,1963-01-31,2026-08-31,1963-01-31,2026-08-31,164.0,1.0,0.0,0.0,0.0,0.0,EXACT
MonthlyLevels,HN1SUS@USECON,all,False,1963-01-31,2026-08-31,1963-01-31,2026-08-31,164.0,1.0,0.0,0.0,0.0,0.0,EXACT
MonthlyLevels,HN1US@USECON,all,False,1963-01-31,2026-08-31,1963-01-31,2026-08-31,164.0,1.0,0.0,0.0,0.0,0.0,EXACT
MonthlyLevels,HPT@USECON,all,False,1960-01-31,2026-08-31,1960-01-31,2026-08-31,164.0,1.0,0.0,0.0,0.0,0.0,EXACT
MonthlyLevels,HSM@USECON,all,False,1959-01-31,2026-07-31,1959-01-31,2026-07-31,163.0,1.0,0.0,0.0,0.0,0.0,EXACT
MonthlyLevels,HST1@USECON,all,False,1959-01-31,2026-08-31,1959-01-31,2026-08-31,164.0,1.0,0.0,0.0,0.0,0.0,EXACT
MonthlyLevels,HST@USECON,all,False,1959-01-31,2026-08-31,1959-01-31,2026-08-31,164.0,1.0,0.0,0.0,0.0,0.0,EXACT
MonthlyLevels,HSTM@USECON,all,False,1959-01-31,2026-08-31,1959-01-31,2026-08-31,164.0,1.0,0.0,0.0,0.0,0.0,EXACT
MonthlyLevels,HSTMW@USECON,all,False,1959-01-31,2026-08-31,1959-01-31,2026-08-31,164.0,1.0,0.0,0.0,0.0,0.0,EXACT
MonthlyLevels,HSTNE@USECON,all,False,1959-01-31,2026-08-31,1959-01-31,2026-08-31,164.0,1.0,0.0,0.0,0.0,0.0,EXACT
MonthlyLevels,HSTS@USECON,all,False,1959-01-31,2026-08-31,1959-01-31,2026-08-31,164.0,1.0,0.0,0.0,0.0,0.0,EXACT
MonthlyLevels,HSTW@USECON,all,False,1959-01-31,2026-08-31,1959-01-31,2026-08-31,164.0,1.0,0.0,0.0,0.0,0.0,EXACT
MonthlyLevels,IP511@IP,all,False,1947-01-31,2026-08-31,1959-01-31,2026-08-31,164.0,1.0,0.0,0.0,-12.0,0.0,EXACT
MonthlyLevels,IP512@IP,all,False,1947-01-31,2026-08-31,1959-01-31,2026-08-31,164.0,1.0,0.0,0.0,-12.0,0.0,EXACT
MonthlyLevels,IP51@IP,all,False,1947-01-31,2026-08-31,1959-01-31,2026-08-31,164.0,1.0,0.0,0.0,-12.0,0.0,EXACT
MonthlyLevels,IP521@IP,all,False,1947-01-31,2026-08-31,1959-01-31,2026-08-31,164.0,1.0,0.0,0.0,-12.0,0.0,EXACT
MonthlyLevels,IP53@IP,all,False,1947-01-31,2026-08-31,1959-01-31,2026-08-31,164.0,1.0,0.0,0.0,-12.0,0.0,EXACT
MonthlyLevels,IP54@IP,all,False,1947-01-31,2026-08-31,1959-01-31,2026-08-31,164.0,1.0,0.0,0.0,-12.0,0.0,EXACT
MonthlyLevels,IP@IP,all,False,1947-01-31,2026-08-31,1959-01-31,2026-08-31,164.0,1.0,0.0,0.0,-12.0,0.0,EXACT
MonthlyLevels,IPB31@IP,all,False,1972-01-31,2026-08-31,1972-01-31,2026-08-31,164.0,1.0,0.0,0.0,0.0,0.0,EXACT
MonthlyLevels,IPFP@IP,all,False,1947-01-31,2026-08-31,1959-01-31,2026-08-31,164.0,1.0,0.0,0.0,-12.0,0.0,EXACT
MonthlyLevels,IPMFG@IP,all,False,1947-01-31,2026-08-31,1959-01-31,2026-08-31,164.0,1.0,0.0,0.0,-12.0,0.0,EXACT
MonthlyLevels,IPTP@IP,all,False,1947-01-31,2026-08-31,1959-01-31,2026-08-31,164.0,1.0,0.0,0.0,-12.0,0.0,EXACT
MonthlyLevels,LACONSA@USECON,all,False,1947-01-31,2026-08-31,1959-01-31,2026-08-31,164.0,1.0,0.0,0.0,-12.0,0.0,EXACT
MonthlyLevels,LAD61A@USECON,all,False,1985-01-31,2026-08-31,1985-01-31,2026-08-31,164.0,1.0,0.0,0.0,0.0,0.0,EXACT
MonthlyLevels,LADURGA@USECON,all,False,1947-01-31,2026-08-31,1959-01-31,2026-08-31,164.0,1.0,0.0,0.0,-12.0,0.0,EXACT
MonthlyLevels,LAEDUHA@USECON,all,False,1947-01-31,2026-08-31,1959-01-31,2026-08-31,164.0,1.0,0.0,0.0,-12.0,0.0,EXACT
MonthlyLevels,LAFGDA@LABOR,all,True,1959-01-31,2026-07-31,1959-01-31,2026-07-31,163.0,0.9919,0.04,0.0045,0.0,0.0,GOOD
MonthlyLevels,LAFGOVA@USECON,all,True,1947-01-31,2026-08-31,1959-01-31,2026-08-31,164.0,1.0,0.0,0.0,-12.0,0.0,EXACT
MonthlyLevels,LAFIREA@USECON,all,False,1947-01-31,2026-08-31,1959-01-31,2026-08-31,164.0,1.0,0.0,0.0,-12.0,0.0,EXACT
MonthlyLevels,LAGOODA@USECON,all,False,1947-01-31,2026-08-31,1959-01-31,2026-08-31,164.0,1.0,0.0,0.0,-12.0,0.0,EXACT
MonthlyLevels,LALEIHA@USECON,all,False,1947-01-31,2026-08-31,1959-01-31,2026-08-31,164.0,1.0,0.0,0.0,-12.0,0.0,EXACT
MonthlyLevels,LAMANUA@USECON,all,False,1947-01-31,2026-08-31,1959-01-31,2026-08-31,164.0,1.0,0.0,0.0,-12.0,0.0,EXACT
MonthlyLevels,LAMINGA@USECON,all,False,1958-01-31,2026-08-31,1959-01-31,2026-08-31,164.0,1.0,0.0,0.0,-1.0,0.0,EXACT
MonthlyLevels,LANAGRA@USECON,all,False,1947-01-31,2026-08-31,1959-01-31,2026-08-31,164.0,1.0,0.0,0.0,-12.0,0.0,EXACT
MonthlyLevels,LANDURA@USECON,all,False,1947-01-31,2026-08-31,1959-01-31,2026-08-31,164.0,1.0,0.0,0.0,-12.0,0.0,EXACT
MonthlyLevels,LAP15A@USECON,all,False,1990-01-31,2026-08-31,1990-01-31,2026-08-31,164.0,1.0,0.0,0.0,0.0,0.0,EXACT
MonthlyLevels,LAPBSVA@USECON,all,False,1947-01-31,2026-08-31,1959-01-31,2026-08-31,164.0,1.0,0.0,0.0,-12.0,0.0,EXACT
MonthlyLevels,LAPRIVA@USECON,all,False,1947-01-31,2026-08-31,1959-01-31,2026-08-31,164.0,1.0,0.0,0.0,-12.0,0.0,EXACT
MonthlyLevels,LAPSRVA@USECON,all,False,1947-01-31,2026-08-31,1959-01-31,2026-08-31,164.0,1.0,0.0,0.0,-12.0,0.0,EXACT
MonthlyLevels,LAPTSVA@USECON,all,False,1983-01-31,2026-08-31,1983-01-31,2026-08-31,164.0,1.0,0.0,0.0,0.0,0.0,EXACT
MonthlyLevels,LARTRDA@USECON,all,False,1947-01-31,2026-08-31,1959-01-31,2026-08-31,164.0,1.0,0.0,0.0,-12.0,0.0,EXACT
MonthlyLevels,LASRVOA@USECON,all,False,1947-01-31,2026-08-31,1959-01-31,2026-08-31,164.0,1.0,0.0,0.0,-12.0,0.0,EXACT
MonthlyLevels,LAWTRDA@USECON,all,False,1947-01-31,2026-08-31,1959-01-31,2026-08-31,164.0,1.0,0.0,0.0,-12.0,0.0,EXACT
MonthlyLevels,LE@USECON,all,False,1948-01-31,2026-08-31,1959-01-31,2026-08-31,163.0,1.0,0.011,0.0,-11.0,0.0,EXACT
MonthlyLevels,LENA@USECON,all,False,1948-01-31,2026-08-31,1959-01-31,2026-08-31,163.0,1.0,0.026,0.0,-11.0,0.0,EXACT
MonthlyLevels,LFPRUnround,all,False,1948-01-31,2026-08-31,1959-01-31,2026-08-31,163.0,1.0,0.002,0.0,-11.0,0.0,EXACT
MonthlyLevels,LOMANUA@USECON,all,False,1956-01-31,2026-08-31,1959-01-31,2026-08-31,164.0,1.0,0.0,0.0,-3.0,0.0,EXACT
MonthlyLevels,LPD61DA@LABOR,all,False,1990-01-31,2026-07-31,1990-01-31,2026-07-31,163.0,0.9997,0.057,0.002,0.0,0.0,GOOD
MonthlyLevels,LRM25@USECON,all,False,1948-01-31,2026-08-31,1959-01-31,2026-08-31,163.0,0.9996,0.082,0.0,-11.0,0.0,GOOD
MonthlyLevels,LRMANUA@USECON,all,False,1947-01-31,2026-08-31,1959-01-31,2026-08-31,164.0,1.0,0.0,0.0,-12.0,0.0,EXACT
MonthlyLevels,LRPRIVA@USECON,all,False,1964-01-31,2026-08-31,1964-01-31,2026-08-31,164.0,1.0,0.0,0.0,0.0,0.0,EXACT
MonthlyLevels,LUMD@USECON,all,False,1967-07-31,2026-08-31,1967-07-31,2026-08-31,163.0,1.0,0.02,0.0,0.0,0.0,EXACT
MonthlyLevels,LoserOnLayoff,all,False,1967-01-31,2026-08-31,1967-01-31,2026-08-31,163.0,0.9996,0.071,0.0,0.0,0.0,GOOD
MonthlyLevels,ManInvShipRatio,all,False,1959-01-31,2026-08-31,1959-01-31,2026-08-31,164.0,1.0,0.022,0.0002,0.0,0.0,EXACT
MonthlyLevels,MobileHomeVal,all,False,1959-01-31,2026-07-31,1980-01-31,2026-07-31,163.0,0.9764,0.086,0.0031,-21.0,0.0,FAIR
MonthlyLevels,NMS@USECON,all,False,1967-01-31,2026-08-31,1967-01-31,2026-08-31,164.0,1.0,0.01,0.0002,0.0,0.0,EXACT
MonthlyLevels,NRST@USECON,all,False,1967-01-31,2026-08-31,1967-01-31,2026-08-31,164.0,1.0,0.001,0.0,0.0,0.0,EXACT
MonthlyLevels,NWSH@USECON,all,False,1967-01-31,2026-07-31,1967-01-31,2026-07-31,163.0,1.0,0.0,0.0,0.0,0.0,EXACT
MonthlyLevels,NomSingleStarts,all,False,1964-01-31,2026-08-31,1964-01-31,2026-08-31,164.0,0.9956,0.09,0.0047,0.0,0.0,GOOD
MonthlyLevels,NondefenseAircraftNetShipments,all,False,1968-01-31,2026-08-31,1968-01-31,2026-08-31,164.0,0.9945,0.012,0.0043,0.0,0.0,GOOD
MonthlyLevels,RealCapitalShipments,all,False,1968-01-31,2026-08-31,1968-01-31,2026-08-31,164.0,1.0,0.0,0.0,0.0,0.0,EXACT
MonthlyLevels,RetSalesResEquip,all,False,1967-01-31,2026-08-31,1967-01-31,2026-08-31,163.0,0.9988,0.091,0.001,0.0,0.0,GOOD
MonthlyLevels,RetailInvSalesRatio,all,False,1967-01-31,2026-08-31,1967-01-31,2026-08-31,164.0,1.0,0.023,0.0002,0.0,0.0,EXACT
MonthlyLevels,SplicedBuildingMaterials,all,False,1967-01-31,2026-08-31,1967-01-31,2026-08-31,164.0,1.0,0.0,0.0,0.0,0.0,EXACT
MonthlyLevels,SplicedComputersShipments,all,True,1965-12-31,2026-08-31,1965-12-31,2026-08-31,164.0,1.0,0.003,0.0003,0.0,0.0,EXACT
MonthlyLevels,SplicedDurableGoodsOrders,all,False,1959-01-31,2026-08-31,1959-01-31,2026-08-31,164.0,1.0,0.0,0.0,0.0,0.0,EXACT
MonthlyLevels,SplicedExportsComputersAndRelated,all,True,1965-12-31,2026-08-31,1965-12-31,2026-08-31,164.0,0.9973,0.002,0.0008,0.0,0.0,GOOD
MonthlyLevels,SplicedGoodsExports,all,True,1959-01-31,2026-08-31,1959-01-31,2026-08-31,164.0,0.9998,0.024,0.0022,0.0,0.0,EXACT
MonthlyLevels,SplicedGoodsImports,all,True,1959-01-31,2026-08-31,1959-01-31,2026-08-31,164.0,0.9986,0.059,0.0054,0.0,0.0,GOOD
MonthlyLevels,SplicedImportsComputersAndRelated,all,True,1965-12-31,2026-08-31,1965-12-31,2026-08-31,164.0,1.0,0.004,0.0011,0.0,0.0,EXACT
MonthlyLevels,SplicedNewHousingConstruction,all,False,1964-01-31,2026-08-31,1964-01-31,2026-08-31,164.0,1.0,0.0,0.0,0.0,0.0,EXACT
MonthlyLevels,SplicedNonCoreNonComputerNonSvcExports,all,False,,,,,,,,,,,NOT-BUILT
MonthlyLevels,SplicedNonCoreNonComputerNonSvcImports,all,False,,,,,,,,,,,NOT-BUILT
MonthlyLevels,SplicedServiceExports,all,True,1960-03-31,2026-07-31,1960-03-31,2026-07-31,163.0,1.0,0.006,0.0003,0.0,0.0,EXACT
MonthlyLevels,SplicedServiceImports,all,True,1960-03-31,2026-07-31,1960-03-31,2026-07-31,163.0,0.9998,0.036,0.0016,0.0,0.0,EXACT
MonthlyLevels,StateLocalEmp,all,False,1955-01-31,2026-08-31,1959-01-31,2026-08-31,164.0,1.0,0.0,0.0,-4.0,0.0,EXACT
MonthlyLevels,TLTSAR@USECON,all,True,1976-01-31,2026-08-31,1976-01-31,2026-08-31,164.0,1.0,0.0,0.0,0.0,0.0,EXACT
MonthlyLevels,TSHSU@USNA,all,True,1967-01-31,2026-08-31,1967-01-31,2026-08-31,164.0,1.0,0.0,0.0,0.0,0.0,EXACT
MonthlyLevels,URUnround,all,False,1948-01-31,2026-08-31,1959-01-31,2026-08-31,163.0,1.0,0.036,0.0,-11.0,0.0,EXACT
MonthlyLevels,WeeklyClaims,all,False,1967-01-31,2026-09-30,1967-02-28,2026-09-30,165.0,1.0,0.0,0.0,-0.1,0.0,EXACT
MonthlyLevels,WholeSaleInvSalesRatio,all,False,1967-01-31,2026-07-31,1967-01-31,2026-07-31,163.0,0.9897,0.122,0.0021,0.0,0.0,FAIR
MonthlyLevels,YPDHM@USECON,all,False,1959-01-31,2026-08-31,1959-01-31,2026-08-31,164.0,1.0,0.0,0.0,0.0,0.0,EXACT
MonthlyLevels,YPLTPMH@USECON,all,False,1959-01-31,2026-08-31,1959-01-31,2026-08-31,164.0,1.0,0.002,0.0,0.0,0.0,EXACT
MonthlyLevels,YPWGM@USNA,all,False,1959-01-31,2026-08-31,1959-01-31,2026-08-31,164.0,1.0,0.0,0.0,0.0,0.0,EXACT
MonthlyLevels,saFTO@USECON,all,False,1959-01-31,2026-08-31,1959-01-31,2026-08-31,164.0,0.9516,0.192,0.0634,0.0,0.0,FAIR
MonthlyLevels,saFTOD@USECON,all,False,1982-01-31,2026-08-31,1982-01-31,2026-08-31,164.0,0.9732,0.211,0.0224,0.0,0.0,FAIR
MonthlyLevels,valExHomeSales,all,True,1968-01-31,2026-08-31,1968-01-31,2026-08-31,164.0,0.9994,0.13,0.0068,0.0,0.0,GOOD
MonthlyLevels,valNewHomeSales,all,True,1975-01-31,2026-08-31,1975-01-31,2026-08-31,164.0,0.9964,0.055,0.0047,0.0,0.0,GOOD
MonthlyPriceLevels,CCIHD_USECONfr,all,False,1964-01-31,2027-01-31,1964-01-31,2026-12-31,168.0,0.9965,0.146,0.0047,0.0,-1.0,GOOD
MonthlyPriceLevels,CDMVNMDeffr,all,False,1959-01-31,2026-08-31,1959-01-31,2026-12-31,164.0,0.9985,0.004,0.0,0.0,4.0,GOOD+ENDS-EARLY
MonthlyPriceLevels,CDMVUMDeffr,all,False,1959-01-31,2026-08-31,1959-01-31,2026-12-31,164.0,0.9994,0.002,0.0001,0.0,4.0,EXACT+ENDS-EARLY
MonthlyPriceLevels,CNEMDeffr,all,False,1959-01-31,2026-08-31,1959-01-31,2026-12-31,164.0,1.0,0.001,0.0003,0.0,4.0,EXACT+ENDS-EARLY
MonthlyPriceLevels,CPIMajappSplicefr,all,False,1959-01-31,2026-08-31,1959-01-31,2026-12-31,163.0,0.9999,0.018,0.0,0.0,4.0,EXACT+ENDS-EARLY
MonthlyPriceLevels,CSFPMDeffr,all,False,1959-01-31,2026-08-31,1959-01-31,2026-12-31,164.0,0.9989,0.003,0.0,0.0,4.0,GOOD+ENDS-EARLY
MonthlyPriceLevels,CoreRealRetailPCEDefExFoodSvcfr,all,False,1959-01-31,2026-08-31,1959-01-31,2026-12-31,164.0,0.9981,0.079,0.0002,0.0,4.0,GOOD+ENDS-EARLY
MonthlyPriceLevels,CoreRealRetailPCEDeffr,all,False,1959-01-31,2026-08-31,1959-01-31,2026-12-31,164.0,0.9984,0.077,0.0002,0.0,4.0,GOOD+ENDS-EARLY
MonthlyPriceLevels,ExpSvcDefmthA1fr,all,True,1971-04-30,2026-08-31,1960-03-31,2026-12-31,164.0,1.0,0.019,0.0003,11.1,4.0,EXACT+SHORT+ENDS-EARLY
MonthlyPriceLevels,HerzonServicesExFoodDeffr,all,False,1959-01-31,2026-08-31,1959-01-31,2026-12-31,164.0,0.9736,0.136,0.0002,0.0,4.0,FAIR+ENDS-EARLY
MonthlyPriceLevels,ImpSvcDefmthA1fr,all,True,1971-04-30,2026-08-31,1960-03-31,2026-12-31,164.0,1.0,0.259,0.0017,11.1,4.0,GOOD+SHORT+ENDS-EARLY
MonthlyPriceLevels,MGDPN_USECONsplicefr,all,True,1959-01-31,2026-08-31,1959-01-31,2026-12-31,164.0,0.9194,0.787,0.0033,0.0,4.0,FAIR+ENDS-EARLY
MonthlyPriceLevels,PA41312_PPIfr,all,False,1947-04-30,2026-08-31,1959-01-31,2026-12-31,164.0,1.0,0.0,0.0,-11.8,4.0,EXACT+ENDS-EARLY
MonthlyPriceLevels,PA49207_USECONfr,all,False,1947-04-30,2026-08-31,1959-01-31,2026-12-31,164.0,1.0,0.0,0.0,-11.8,4.0,EXACT+ENDS-EARLY
MonthlyPriceLevels,PC152_PPIfr,all,False,1973-01-31,2026-08-31,1973-01-31,2026-12-31,164.0,1.0,0.0,0.0,0.0,4.0,EXACT+ENDS-EARLY
MonthlyPriceLevels,PC9115_PPIfr,all,False,1974-01-31,2026-08-31,1974-01-31,2026-12-31,164.0,1.0,0.0,0.0,0.0,4.0,EXACT+ENDS-EARLY
MonthlyPriceLevels,PCUSLFE_USECONfr,all,False,1957-01-31,2026-08-31,1959-01-31,2026-12-31,164.0,1.0,0.0,0.0,-2.0,4.0,EXACT+ENDS-EARLY
MonthlyPriceLevels,PCUSND_USECONfr,all,False,1956-01-31,2026-08-31,1959-01-31,2026-12-31,164.0,1.0,0.0,0.0,-3.0,4.0,EXACT+ENDS-EARLY
MonthlyPriceLevels,PCUSSLE_USECONfr,all,False,1967-01-31,2026-08-31,1967-01-31,2026-12-31,164.0,1.0,0.0,0.0,0.0,4.0,EXACT+ENDS-EARLY
MonthlyPriceLevels,PCU_USECONfr,all,False,1947-01-31,2026-08-31,1959-01-31,2026-12-31,164.0,1.0,0.0,0.0,-12.0,4.0,EXACT+ENDS-EARLY
MonthlyPriceLevels,PMEA_USECONsplicefr,all,True,1959-01-31,2026-08-31,1959-01-31,2026-12-31,164.0,0.9863,0.229,0.004,0.0,4.0,FAIR+ENDS-EARLY
MonthlyPriceLevels,PXEA_USECONsplicefr,all,True,1959-01-31,2026-08-31,1959-01-31,2026-12-31,164.0,1.0,0.0,0.0,0.0,4.0,EXACT+ENDS-EARLY
MonthlyPriceLevels,R5312101_PPIRInterpfr,all,False,1959-01-31,2026-08-31,1959-01-31,2026-12-31,164.0,1.0,0.0,0.0,0.0,4.0,EXACT+ENDS-EARLY
MonthlyPriceLevels,SA_HN1PA_USECON_fr,all,False,1975-01-31,2026-08-31,1975-01-31,2026-12-31,164.0,0.984,0.149,0.0047,0.0,4.0,FAIR+ENDS-EARLY
MonthlyPriceLevels,SpliceManTradeDeflatorfr,all,False,1967-01-31,2026-07-31,1967-01-31,2026-12-31,163.0,1.0,0.0,0.0,0.0,5.0,EXACT+ENDS-EARLY
MonthlyPriceLevels,SpliceRetailTradeDeflatorfr,all,False,1967-01-31,2026-07-31,1967-01-31,2026-12-31,163.0,1.0,0.0,0.0,0.0,5.0,EXACT+ENDS-EARLY
MonthlyPriceLevels,SpliceWholesaleTradeDeflatorfr,all,False,1967-01-31,2026-07-31,1967-01-31,2026-12-31,163.0,1.0,0.0,0.0,0.0,5.0,EXACT+ENDS-EARLY
MonthlyPriceLevels,SplicedMedianfr,all,False,1967-01-31,2026-08-31,1967-01-31,2026-12-31,164.0,1.0,0.0,0.0,0.0,4.0,EXACT+ENDS-EARLY
MonthlyPriceLevels,SplicedTrimfr,all,False,1967-01-31,2026-08-31,1967-01-31,2026-12-31,164.0,1.0,0.0,0.0,0.0,4.0,EXACT+ENDS-EARLY
MonthlyPriceLevels,TornPriceNonResStrMthfr,all,False,1965-03-31,2026-09-30,1965-03-31,2026-12-31,165.0,0.9953,0.131,0.001,0.0,3.0,GOOD+ENDS-EARLY
MonthlyPriceLevels,UH_CPIDATAfr,all,False,1967-01-31,2026-08-31,1967-01-31,2026-12-31,164.0,1.0,0.0,0.0,0.0,4.0,EXACT+ENDS-EARLY
MonthlyPriceLevels,saRMFG_PPIRsplicefr,all,False,1967-01-31,2026-08-31,1967-01-31,2026-12-31,164.0,0.9894,0.112,0.0021,0.0,4.0,FAIR+ENDS-EARLY
NomQtrlyComps,AINX_USNAqtr,all,True,1967-03-31,2026-06-30,1959-03-31,2026-06-30,54.0,1.0,0.0,0.0,8.0,0.0,EXACT+SHORT
NomQtrlyComps,FNENPX_USNAqtr,all,True,1959-03-31,2026-06-30,1959-03-31,2026-06-30,54.0,1.0,0.0,0.0,0.0,0.0,EXACT
NomQtrlyComps,FNETPX_USNAqtr,all,True,1959-03-31,2026-06-30,1959-03-31,2026-06-30,54.0,1.0,0.0,0.0,0.0,0.0,EXACT
NomQtrlyComps,FNPEX_USNAqtr,all,True,1947-03-31,2026-06-30,1959-03-31,2026-06-30,54.0,1.0,0.0,0.0,-12.0,0.0,EXACT
NomQtrlyComps,FNPRX_USNAqtr,all,True,1947-03-31,2026-06-30,1959-03-31,2026-06-30,54.0,1.0,0.0,0.0,-12.0,0.0,EXACT
NomQtrlyComps,FNPSX_USNAqtr,all,True,1959-03-31,2026-06-30,1959-03-31,2026-06-30,54.0,1.0,0.0,0.0,0.0,0.0,EXACT
NomQtrlyComps,FNSMIX_USNAqtr,all,True,1959-03-31,2026-06-30,1959-03-31,2026-06-30,54.0,1.0,0.0,0.0,0.0,0.0,EXACT
NomQtrlyComps,FNSMPX_USNAqtr,all,True,1959-03-31,2026-06-30,1959-03-31,2026-06-30,54.0,1.0,0.0,0.0,0.0,0.0,EXACT
NomQtrlyComps,FREX_USNAqtr,all,True,1959-03-31,2026-06-30,1959-03-31,2026-06-30,54.0,1.0,0.0,0.0,0.0,0.0,EXACT
NomQtrlyComps,FRSBKX_USNAqtr,all,True,1959-03-31,2026-06-30,1959-03-31,2026-06-30,54.0,1.0,0.0,0.0,0.0,0.0,EXACT
NomQtrlyComps,FRSHDX_USNAqtr,all,True,1959-03-31,2026-06-30,1959-03-31,2026-06-30,54.0,1.0,0.0,0.0,0.0,0.0,EXACT
NomQtrlyComps,FRSHMX_USNAqtr,all,True,1959-03-31,2026-06-30,1959-03-31,2026-06-30,54.0,1.0,0.0,0.0,0.0,0.0,EXACT
NomQtrlyComps,FRSINX_USNAqtr,all,True,1959-03-31,2026-06-30,1959-03-31,2026-06-30,54.0,1.0,0.0,0.0,0.0,0.0,EXACT
NomQtrlyComps,FRSPX_USNAqtr,all,True,1959-03-31,2026-06-30,1959-03-31,2026-06-30,54.0,1.0,0.0,0.0,0.0,0.0,EXACT
NomQtrlyComps,GFDENX_USNAqtr,all,True,1972-03-31,2026-06-30,1959-03-31,2026-06-30,54.0,1.0,0.0,0.0,13.0,0.0,EXACT+SHORT
NomQtrlyComps,GFDESLX_USNAqtr,all,True,1972-03-31,2026-06-30,1972-03-31,2026-06-30,54.0,1.0,0.0,0.0,0.0,0.0,EXACT
NomQtrlyComps,GFDESVX_USNAqtr,all,True,1972-03-31,2026-06-30,1972-03-31,2026-06-30,54.0,1.0,0.0,0.0,0.0,0.0,EXACT
NomQtrlyComps,GFDIPX_USNAqtr,all,True,1972-03-31,2026-06-30,1959-03-31,2026-06-30,54.0,1.0,0.0,0.0,13.0,0.0,EXACT+SHORT
NomQtrlyComps,GFDSFX_USNAqtr,all,True,1972-03-31,2026-06-30,1959-03-31,2026-06-30,54.0,1.0,0.0,0.0,13.0,0.0,EXACT+SHORT
NomQtrlyComps,GFNEDX_USNAqtr,all,True,1947-03-31,2026-06-30,1959-03-31,2026-06-30,54.0,1.0,0.0,0.0,-12.0,0.0,EXACT
NomQtrlyComps,GFNENX_USNAqtr,all,True,1947-03-31,2026-06-30,1959-03-31,2026-06-30,54.0,1.0,0.0,0.0,-12.0,0.0,EXACT
NomQtrlyComps,GFNESX_USNAqtr,all,True,1947-03-31,2026-06-30,1959-03-31,2026-06-30,54.0,1.0,0.0,0.0,-12.0,0.0,EXACT
NomQtrlyComps,GFNIEX_USNAqtr,all,True,1947-03-31,2026-06-30,1959-03-31,2026-06-30,54.0,1.0,0.0,0.0,-12.0,0.0,EXACT
NomQtrlyComps,GFNIPX_USNAqtr,all,True,1947-03-31,2026-06-30,1959-03-31,2026-06-30,54.0,1.0,0.0,0.0,-12.0,0.0,EXACT
NomQtrlyComps,GFNISX_USNAqtr,all,True,1947-03-31,2026-06-30,1959-03-31,2026-06-30,54.0,1.0,0.0,0.0,-12.0,0.0,EXACT
NomQtrlyComps,GFNSFX_USNAqtr,all,True,1947-03-31,2026-06-30,1959-03-31,2026-06-30,54.0,1.0,0.0,0.0,-12.0,0.0,EXACT
NomQtrlyComps,GGNESX_USNAqtr,all,True,1947-03-31,2026-06-30,1959-03-31,2026-06-30,54.0,1.0,0.0,0.0,-12.0,0.0,EXACT
NomQtrlyComps,GGSESX_USNAqtr,all,True,1947-03-31,2026-06-30,1959-03-31,2026-06-30,54.0,1.0,0.0,0.0,-12.0,0.0,EXACT
NomQtrlyComps,GSEPIX_USNAqtr,all,True,1947-03-31,2026-06-30,1959-03-31,2026-06-30,54.0,1.0,0.0,0.0,-12.0,0.0,EXACT
NomQtrlyComps,GSESFX_USNAqtr,all,True,1947-03-31,2026-06-30,1959-03-31,2026-06-30,54.0,1.0,0.0,0.0,-12.0,0.0,EXACT
NomQtrlyComps,GSIEX_USNAqtr,all,True,1947-03-31,2026-06-30,1959-03-31,2026-06-30,54.0,1.0,0.0,0.0,-12.0,0.0,EXACT
NomQtrlyComps,GSIPX_USNAqtr,all,True,1947-03-31,2026-06-30,1959-03-31,2026-06-30,54.0,1.0,0.0,0.0,-12.0,0.0,EXACT
NomQtrlyComps,GSISX_USNAqtr,all,True,1947-03-31,2026-06-30,1959-03-31,2026-06-30,54.0,1.0,0.0,0.0,-12.0,0.0,EXACT
NomQtrlyComps,LightTruckShare,all,True,1987-03-31,2026-06-30,1959-03-31,2026-06-30,54.0,1.0,0.0,0.0,28.0,0.0,EXACT+SHORT
NomQtrlyComps,MVIUTX_USNAqtr,all,True,1967-03-31,2026-06-30,1967-03-31,2026-06-30,54.0,1.0,0.0,0.0,0.0,0.0,EXACT
NomQtrlyComps,NomNatDefenseTreasCats,all,True,1972-03-31,2026-06-30,1959-03-31,2026-06-30,54.0,1.0,0.0,0.0,13.0,0.0,EXACT+SHORT
NomQtrlyComps,TIX_USNAqtr,all,True,1967-03-31,2026-06-30,1967-03-31,2026-06-30,54.0,1.0,0.0,0.0,0.0,0.0,EXACT
NomQtrlyComps,negGDOAIX_USNAqtr,all,True,1972-03-31,2026-06-30,1959-03-31,2026-06-30,54.0,1.0,0.0,0.0,13.0,0.0,EXACT+SHORT
NomQtrlyComps,negGDOSSX_USNAqtr,all,True,1972-03-31,2026-06-30,1959-03-31,2026-06-30,54.0,1.0,0.0,0.0,13.0,0.0,EXACT+SHORT
NomQtrlyComps,negGNOAIX_USNAqtr,all,True,1947-03-31,2026-06-30,1959-03-31,2026-06-30,54.0,1.0,0.0,0.0,-12.0,0.0,EXACT
NomQtrlyComps,negGNOSSX_USNAqtr,all,True,1947-03-31,2026-06-30,1959-03-31,2026-06-30,54.0,1.0,0.0,0.0,-12.0,0.0,EXACT
NomQtrlyComps,negGSOAIX_USNAqtr,all,True,1947-03-31,2026-06-30,1959-03-31,2026-06-30,54.0,1.0,0.0,0.0,-12.0,0.0,EXACT
NomQtrlyComps,negGSOSSX_USNAqtr,all,True,1947-03-31,2026-06-30,1959-03-31,2026-06-30,54.0,1.0,0.0,0.0,-12.0,0.0,EXACT
NomQtrlyComps,nomCoreE,all,True,1967-03-31,2026-06-30,1967-03-31,2026-06-30,54.0,1.0,0.0,0.0,0.0,0.0,EXACT
NomQtrlyComps,nomNResStructExMineWell,all,True,1959-03-31,2026-06-30,1959-03-31,2026-06-30,54.0,1.0,0.0,0.0,0.0,0.0,EXACT
QtrlyGDPData,AINX_USNA,all,False,,,,,,,,,,,NOT-BUILT
QtrlyGDPData,AINZDef,all,False,,,,,,,,,,,NOT-BUILT
QtrlyGDPData,AINZ_USNA,all,False,,,,,,,,,,,NOT-BUILT
QtrlyGDPData,CDMTNX_USNA,all,False,,,,,,,,,,,NOT-BUILT
QtrlyGDPData,CDX_USNA,all,False,,,,,,,,,,,NOT-BUILT
QtrlyGDPData,CDZ_USNA,all,False,,,,,,,,,,,NOT-BUILT
QtrlyGDPData,CDdef,all,False,,,,,,,,,,,NOT-BUILT
QtrlyGDPData,CNX_USNA,all,False,,,,,,,,,,,NOT-BUILT
QtrlyGDPData,CNZ_USNA,all,False,,,,,,,,,,,NOT-BUILT
QtrlyGDPData,CNdef,all,False,,,,,,,,,,,NOT-BUILT
QtrlyGDPData,CSX_USNA,all,False,1947-03-31,2026-06-30,1959-03-31,2026-06-30,54.0,1.0,0.0,0.0,-12.0,0.0,EXACT
QtrlyGDPData,CSZ_USNA,all,False,1947-03-31,2026-06-30,1959-03-31,2026-06-30,54.0,1.0,0.001,0.0,-12.0,0.0,EXACT
QtrlyGDPData,CSdef,all,False,,,,,,,,,,,NOT-BUILT
QtrlyGDPData,CTGX_USNA,all,False,1947-03-31,2026-06-30,1959-03-31,2026-06-30,54.0,1.0,0.0,0.0,-12.0,0.0,EXACT
QtrlyGDPData,CTGZ_USNA,all,False,1947-03-31,2026-06-30,1959-03-31,2026-06-30,54.0,1.0,0.0,0.0,-12.0,0.0,EXACT
QtrlyGDPData,CZ_USNA,all,False,,,,,,,,,,,NOT-BUILT
QtrlyGDPData,DS2_USNA,all,False,,,,,,,,,,,NOT-BUILT
QtrlyGDPData,DSF2_USNA,all,False,,,,,,,,,,,NOT-BUILT
QtrlyGDPData,DSF_USNA,all,False,1996-12-31,2026-06-30,1959-03-31,2026-06-30,54.0,1.0,0.0,0.0,37.8,0.0,EXACT+SHORT
QtrlyGDPData,DSN2_USNA,all,False,,,,,,,,,,,NOT-BUILT
QtrlyGDPData,DSNB_USNA,all,False,,,,,,,,,,,NOT-BUILT
QtrlyGDPData,DSNM2_USNA,all,False,,,,,,,,,,,NOT-BUILT
QtrlyGDPData,DSNMD2_USNA,all,False,,,,,,,,,,,NOT-BUILT
QtrlyGDPData,DSNMD_USNA,all,True,1996-12-31,2026-06-30,1996-12-31,2026-06-30,54.0,1.0,0.0,0.0,0.0,0.0,EXACT
QtrlyGDPData,DSNMN2_USNA,all,False,,,,,,,,,,,NOT-BUILT
QtrlyGDPData,DSNMN_USNA,all,True,1996-12-31,2026-06-30,1996-12-31,2026-06-30,54.0,1.0,0.0,0.0,0.0,0.0,EXACT
QtrlyGDPData,DSNM_USNA,all,False,,,,,,,,,,,NOT-BUILT
QtrlyGDPData,DSNO2_USNA,all,False,,,,,,,,,,,NOT-BUILT
QtrlyGDPData,DSNO_USNAqtr,all,True,1996-12-31,2026-06-30,1996-12-31,2026-06-30,54.0,1.0,0.0,0.0,0.0,0.0,EXACT
QtrlyGDPData,DSNR2_USNA,all,False,,,,,,,,,,,NOT-BUILT
QtrlyGDPData,DSNRDO2_USNA,all,False,,,,,,,,,,,NOT-BUILT
QtrlyGDPData,DSNRDV2_USNA,all,False,,,,,,,,,,,NOT-BUILT
QtrlyGDPData,DSNRDV_USNA,all,True,1996-12-31,2026-06-30,1996-12-31,2026-06-30,54.0,1.0,0.0,0.0,0.0,0.0,EXACT
QtrlyGDPData,DSNRF_USNA,all,False,,,,,,,,,,,NOT-BUILT
QtrlyGDPData,DSNRG_USNA,all,False,,,,,,,,,,,NOT-BUILT
QtrlyGDPData,DSNRN2_USNA,all,False,,,,,,,,,,,NOT-BUILT
QtrlyGDPData,DSNRO_USNA,all,False,,,,,,,,,,,NOT-BUILT
QtrlyGDPData,DSNR_USNA,all,False,,,,,,,,,,,NOT-BUILT
QtrlyGDPData,DSNT_USNA,all,False,,,,,,,,,,,NOT-BUILT
QtrlyGDPData,DSNW2_USNA,all,False,,,,,,,,,,,NOT-BUILT
QtrlyGDPData,DSNWM2_USNA,all,False,,,,,,,,,,,NOT-BUILT
QtrlyGDPData,DSNWM_USNA,all,True,1996-12-31,2026-06-30,1996-12-31,2026-06-30,54.0,1.0,0.0,0.0,0.0,0.0,EXACT
QtrlyGDPData,DSNWW2_USNA,all,False,,,,,,,,,,,NOT-BUILT
QtrlyGDPData,DSNWW_USNA,all,True,1996-12-31,2026-06-30,1959-03-31,2026-06-30,54.0,1.0,0.0,0.0,37.8,0.0,EXACT+SHORT
QtrlyGDPData,DSNW_USNA,all,False,,,,,,,,,,,NOT-BUILT
QtrlyGDPData,DSN_USNA,all,False,,,,,,,,,,,NOT-BUILT
QtrlyGDPData,DS_USNA,all,False,,,,,,,,,,,NOT-BUILT
QtrlyGDPData,EComputerDef,all,False,,,,,,,,,,,NOT-BUILT
QtrlyGDPData,EDef,all,False,,,,,,,,,,,NOT-BUILT
QtrlyGDPData,ENewAutoDef,all,False,,,,,,,,,,,NOT-BUILT
QtrlyGDPData,ExpGoodDef,all,False,,,,,,,,,,,NOT-BUILT
QtrlyGDPData,ExpNonAgGoodDef,all,False,,,,,,,,,,,NOT-BUILT
QtrlyGDPData,ExpSvcDef,all,False,,,,,,,,,,,NOT-BUILT
QtrlyGDPData,ExportDef,all,False,,,,,,,,,,,NOT-BUILT
QtrlyGDPData,FNENPX_USNA,all,False,,,,,,,,,,,NOT-BUILT
QtrlyGDPData,FNENPZ_USNA,all,False,,,,,,,,,,,NOT-BUILT
QtrlyGDPData,FNETLX_USNA,all,False,,,,,,,,,,,NOT-BUILT
QtrlyGDPData,FNETLZ_USNA,all,False,,,,,,,,,,,NOT-BUILT
QtrlyGDPData,FNETMX_USNA,all,False,,,,,,,,,,,NOT-BUILT
QtrlyGDPData,FNETMZ_USNA,all,False,,,,,,,,,,,NOT-BUILT
QtrlyGDPData,FNETPX_USNA,all,False,,,,,,,,,,,NOT-BUILT
QtrlyGDPData,FNETPZ_USNA,all,False,,,,,,,,,,,NOT-BUILT
QtrlyGDPData,FNETRX_USNA,all,False,,,,,,,,,,,NOT-BUILT
QtrlyGDPData,FNETRZ_USNA,all,False,,,,,,,,,,,NOT-BUILT
QtrlyGDPData,FNETSX_USNA,all,False,,,,,,,,,,,NOT-BUILT
QtrlyGDPData,FNETSZ_USNA,all,False,,,,,,,,,,,NOT-BUILT
QtrlyGDPData,FNETXX_USNA,all,False,,,,,,,,,,,NOT-BUILT
QtrlyGDPData,FNETXZ_USNA,all,False,,,,,,,,,,,NOT-BUILT
QtrlyGDPData,FNEX_USNA,all,False,1947-03-31,2026-06-30,1959-03-31,2026-06-30,54.0,1.0,0.0,0.0,-12.0,0.0,EXACT
QtrlyGDPData,FNEZ_USNA,all,False,1947-03-31,2026-06-30,1959-03-31,2026-06-30,54.0,1.0,0.0,0.0,-12.0,0.0,EXACT
QtrlyGDPData,FNPEX_USNA,all,False,,,,,,,,,,,NOT-BUILT
QtrlyGDPData,FNPEZ_USNA,all,False,,,,,,,,,,,NOT-BUILT
QtrlyGDPData,FNPRX_USNA,all,False,,,,,,,,,,,NOT-BUILT
QtrlyGDPData,FNPRZ_USNA,all,False,,,,,,,,,,,NOT-BUILT
QtrlyGDPData,FNPSX_USNA,all,False,,,,,,,,,,,NOT-BUILT
QtrlyGDPData,FNPSZ_USNA,all,False,,,,,,,,,,,NOT-BUILT
QtrlyGDPData,FNPX_USNA,all,False,1947-03-31,2026-06-30,1959-03-31,2026-06-30,54.0,1.0,0.0,0.0,-12.0,0.0,EXACT
QtrlyGDPData,FNPZ_USNA,all,False,1947-03-31,2026-06-30,1959-03-31,2026-06-30,54.0,1.0,0.0,0.0,-12.0,0.0,EXACT
QtrlyGDPData,FNSAMX_USNA,all,False,,,,,,,,,,,NOT-BUILT
QtrlyGDPData,FNSAMZ_USNA,all,False,,,,,,,,,,,NOT-BUILT
QtrlyGDPData,FNSBKX_USNA,all,False,,,,,,,,,,,NOT-BUILT
QtrlyGDPData,FNSBKZ_USNA,all,False,,,,,,,,,,,NOT-BUILT
QtrlyGDPData,FNSCHX_USNA,all,False,,,,,,,,,,,NOT-BUILT
QtrlyGDPData,FNSCHZ_USNA,all,False,,,,,,,,,,,NOT-BUILT
QtrlyGDPData,FNSCMZ_USNA,all,False,,,,,,,,,,,NOT-BUILT
QtrlyGDPData,FNSCOX_USNA,all,False,,,,,,,,,,,NOT-BUILT
QtrlyGDPData,FNSCOZ_USNA,all,False,,,,,,,,,,,NOT-BUILT
QtrlyGDPData,FNSEX_USNA,all,False,,,,,,,,,,,NOT-BUILT
QtrlyGDPData,FNSEZ_USNA,all,False,,,,,,,,,,,NOT-BUILT
QtrlyGDPData,FNSFX_USNA,all,False,,,,,,,,,,,NOT-BUILT
QtrlyGDPData,FNSFZ_USNA,all,False,,,,,,,,,,,NOT-BUILT
QtrlyGDPData,FNSHHX_USNA,all,False,,,,,,,,,,,NOT-BUILT
QtrlyGDPData,FNSHHZ_USNA,all,False,,,,,,,,,,,NOT-BUILT
QtrlyGDPData,FNSHIX_USNA,all,False,,,,,,,,,,,NOT-BUILT
QtrlyGDPData,FNSHIZ_USNA,all,False,,,,,,,,,,,NOT-BUILT
QtrlyGDPData,FNSHMX_USNA,all,False,,,,,,,,,,,NOT-BUILT
QtrlyGDPData,FNSHMZ_USNA,all,False,,,,,,,,,,,NOT-BUILT
QtrlyGDPData,FNSHSX_USNA,all,False,,,,,,,,,,,NOT-BUILT
QtrlyGDPData,FNSHSZ_USNA,all,False,,,,,,,,,,,NOT-BUILT
QtrlyGDPData,FNSLX_USNA,all,False,,,,,,,,,,,NOT-BUILT
QtrlyGDPData,FNSLZ_USNA,all,False,,,,,,,,,,,NOT-BUILT
QtrlyGDPData,FNSMGX_USNA,all,False,,,,,,,,,,,NOT-BUILT
QtrlyGDPData,FNSMGZ_USNA,all,False,,,,,,,,,,,NOT-BUILT
QtrlyGDPData,FNSMIX_USNA,all,False,,,,,,,,,,,NOT-BUILT
QtrlyGDPData,FNSMIZ_USNA,all,False,,,,,,,,,,,NOT-BUILT
QtrlyGDPData,FNSMNX_USNA,all,False,,,,,,,,,,,NOT-BUILT
QtrlyGDPData,FNSMNZ_USNA,all,False,,,,,,,,,,,NOT-BUILT
QtrlyGDPData,FNSMPX_USNA,all,False,,,,,,,,,,,NOT-BUILT
QtrlyGDPData,FNSMPZ_USNA,all,False,,,,,,,,,,,NOT-BUILT
QtrlyGDPData,FNSOCX_USNA,all,False,,,,,,,,,,,NOT-BUILT
QtrlyGDPData,FNSOCZ_USNA,all,False,,,,,,,,,,,NOT-BUILT
QtrlyGDPData,FNSODX_USNA,all,False,,,,,,,,,,,NOT-BUILT
QtrlyGDPData,FNSODZ_USNA,all,False,,,,,,,,,,,NOT-BUILT
QtrlyGDPData,FNSOGX_USNA,all,False,,,,,,,,,,,NOT-BUILT
QtrlyGDPData,FNSOGZ_USNA,all,False,,,,,,,,,,,NOT-BUILT
QtrlyGDPData,FNSOOX_USNA,all,False,,,,,,,,,,,NOT-BUILT
QtrlyGDPData,FNSOOZ_USNA,all,False,,,,,,,,,,,NOT-BUILT
QtrlyGDPData,FNSOX_USNA,all,False,,,,,,,,,,,NOT-BUILT
QtrlyGDPData,FNSOZ_USNA,all,False,,,,,,,,,,,NOT-BUILT
QtrlyGDPData,FNSPCX_USNA,all,False,,,,,,,,,,,NOT-BUILT
QtrlyGDPData,FNSPCZ_USNA,all,False,,,,,,,,,,,NOT-BUILT
QtrlyGDPData,FNSPEX_USNA,all,False,,,,,,,,,,,NOT-BUILT
QtrlyGDPData,FNSPEZ_USNA,all,False,,,,,,,,,,,NOT-BUILT
QtrlyGDPData,FNSPOX_USNA,all,False,,,,,,,,,,,NOT-BUILT
QtrlyGDPData,FNSPOZ_USNA,all,False,,,,,,,,,,,NOT-BUILT
QtrlyGDPData,FNSPX_USNA,all,False,,,,,,,,,,,NOT-BUILT
QtrlyGDPData,FNSPZ_USNA,all,False,,,,,,,,,,,NOT-BUILT
QtrlyGDPData,FNSRX_USNA,all,False,,,,,,,,,,,NOT-BUILT
QtrlyGDPData,FNSRZ_USNA,all,False,,,,,,,,,,,NOT-BUILT
QtrlyGDPData,FNSSFX_USNA,all,False,,,,,,,,,,,NOT-BUILT
QtrlyGDPData,FNSSFZ_USNA,all,False,,,,,,,,,,,NOT-BUILT
QtrlyGDPData,FNSSMX_USNA,all,False,,,,,,,,,,,NOT-BUILT
QtrlyGDPData,FNSSMZ_USNA,all,False,,,,,,,,,,,NOT-BUILT
QtrlyGDPData,FNSTAX_USNA,all,False,,,,,,,,,,,NOT-BUILT
QtrlyGDPData,FNSTAZ_USNA,all,False,,,,,,,,,,,NOT-BUILT
QtrlyGDPData,FNSTLX_USNA,all,False,,,,,,,,,,,NOT-BUILT
QtrlyGDPData,FNSTLZ_USNA,all,False,,,,,,,,,,,NOT-BUILT
QtrlyGDPData,FNSTSX_USNA,all,False,,,,,,,,,,,NOT-BUILT
QtrlyGDPData,FNSTSZ_USNA,all,False,,,,,,,,,,,NOT-BUILT
QtrlyGDPData,FNSTTX_USNA,all,False,,,,,,,,,,,NOT-BUILT
QtrlyGDPData,FNSTTZ_USNA,all,False,,,,,,,,,,,NOT-BUILT
QtrlyGDPData,FNSUSX_USNA,all,False,,,,,,,,,,,NOT-BUILT
QtrlyGDPData,FNSUSZ_USNA,all,False,,,,,,,,,,,NOT-BUILT
QtrlyGDPData,FNSWX_USNA,all,False,,,,,,,,,,,NOT-BUILT
QtrlyGDPData,FNSWZ_USNA,all,False,,,,,,,,,,,NOT-BUILT
QtrlyGDPData,FNSX_USNA,all,False,1947-03-31,2026-06-30,1959-03-31,2026-06-30,54.0,1.0,0.0,0.0,-12.0,0.0,EXACT
QtrlyGDPData,FNSZ_USNA,all,False,1947-03-31,2026-06-30,1959-03-31,2026-06-30,54.0,1.0,0.0,0.0,-12.0,0.0,EXACT
QtrlyGDPData,FNZ_USNA,all,False,,,,,,,,,,,NOT-BUILT
QtrlyGDPData,FQ_USNA,all,False,,,,,,,,,,,NOT-BUILT
QtrlyGDPData,FREX_USNA,all,False,,,,,,,,,,,NOT-BUILT
QtrlyGDPData,FREZ_USNA,all,False,,,,,,,,,,,NOT-BUILT
QtrlyGDPData,FRSBKX_USNA,all,False,,,,,,,,,,,NOT-BUILT
QtrlyGDPData,FRSBKZ_USNA,all,False,,,,,,,,,,,NOT-BUILT
QtrlyGDPData,FRSH1X_USNA,all,False,,,,,,,,,,,NOT-BUILT
QtrlyGDPData,FRSH1Z_USNA,all,False,,,,,,,,,,,NOT-BUILT
QtrlyGDPData,FRSH2X_USNA,all,False,,,,,,,,,,,NOT-BUILT
QtrlyGDPData,FRSH2Z_USNA,all,False,,,,,,,,,,,NOT-BUILT
QtrlyGDPData,FRSHDX_USNA,all,False,,,,,,,,,,,NOT-BUILT
QtrlyGDPData,FRSHDZ_USNA,all,False,,,,,,,,,,,NOT-BUILT
QtrlyGDPData,FRSHMX_USNA,all,False,,,,,,,,,,,NOT-BUILT
QtrlyGDPData,FRSHMZ_USNA,all,False,,,,,,,,,,,NOT-BUILT
QtrlyGDPData,FRSINX_USNA,all,False,,,,,,,,,,,NOT-BUILT
QtrlyGDPData,FRSINZ_USNA,all,False,,,,,,,,,,,NOT-BUILT
QtrlyGDPData,FRSOX_USNA,all,False,,,,,,,,,,,NOT-BUILT
QtrlyGDPData,FRSOZ_USNA,all,False,,,,,,,,,,,NOT-BUILT
QtrlyGDPData,FRSPX_USNA,all,False,,,,,,,,,,,NOT-BUILT
QtrlyGDPData,FRSPZ_USNA,all,False,,,,,,,,,,,NOT-BUILT
QtrlyGDPData,FRSUSX_USNA,all,False,,,,,,,,,,,NOT-BUILT
QtrlyGDPData,FRSUSZ_USNA,all,False,,,,,,,,,,,NOT-BUILT
QtrlyGDPData,FRX_USNA,all,False,1947-03-31,2026-06-30,1959-03-31,2026-06-30,54.0,1.0,0.0,0.0,-12.0,0.0,EXACT
QtrlyGDPData,FRZ_USNA,all,False,1947-03-31,2026-06-30,1959-03-31,2026-06-30,54.0,1.0,0.0,0.0,-12.0,0.0,EXACT
QtrlyGDPData,FSGX_USNA,all,False,,,,,,,,,,,NOT-BUILT
QtrlyGDPData,FSGZ_USNA,all,False,,,,,,,,,,,NOT-BUILT
QtrlyGDPData,FSPZ_USNA,all,False,,,,,,,,,,,NOT-BUILT
QtrlyGDPData,FSX_USNA,all,False,,,,,,,,,,,NOT-BUILT
QtrlyGDPData,FSZ_USNA,all,False,,,,,,,,,,,NOT-BUILT
QtrlyGDPData,FX_USNA,all,False,,,,,,,,,,,NOT-BUILT
QtrlyGDPData,FZ_USNA,all,False,,,,,,,,,,,NOT-BUILT
QtrlyGDPData,GDOAIX_USNA,all,False,,,,,,,,,,,NOT-BUILT
QtrlyGDPData,GDOAIZ_USNA,all,False,,,,,,,,,,,NOT-BUILT
QtrlyGDPData,GDOSSX_USNA,all,False,,,,,,,,,,,NOT-BUILT
QtrlyGDPData,GDOSSZ_USNA,all,False,,,,,,,,,,,NOT-BUILT
QtrlyGDPData,GDPX_USNA,all,False,1947-03-31,2026-06-30,1959-03-31,2026-06-30,54.0,1.0,0.0,0.0,-12.0,0.0,EXACT
QtrlyGDPData,GDPZ_USNA,all,False,1947-03-31,2026-06-30,1959-03-31,2026-06-30,54.0,1.0,0.0,0.0,-12.0,0.0,EXACT
QtrlyGDPData,GFDEDX_USNA,all,False,,,,,,,,,,,NOT-BUILT
QtrlyGDPData,GFDEDZ_USNA,all,False,,,,,,,,,,,NOT-BUILT
QtrlyGDPData,GFDENX_USNA,all,False,,,,,,,,,,,NOT-BUILT
QtrlyGDPData,GFDENZ_USNA,all,False,,,,,,,,,,,NOT-BUILT
QtrlyGDPData,GFDESLX_USNA,all,False,,,,,,,,,,,NOT-BUILT
QtrlyGDPData,GFDESLZ_USNA,all,False,,,,,,,,,,,NOT-BUILT
QtrlyGDPData,GFDESVX_USNA,all,False,,,,,,,,,,,NOT-BUILT
QtrlyGDPData,GFDESVZ_USNA,all,False,,,,,,,,,,,NOT-BUILT
QtrlyGDPData,GFDESX_USNA,all,False,,,,,,,,,,,NOT-BUILT
QtrlyGDPData,GFDESZ_USNA,all,False,,,,,,,,,,,NOT-BUILT
QtrlyGDPData,GFDIEX_USNA,all,False,,,,,,,,,,,NOT-BUILT
QtrlyGDPData,GFDIEZ_USNA,all,False,,,,,,,,,,,NOT-BUILT
QtrlyGDPData,GFDIPX_USNA,all,False,,,,,,,,,,,NOT-BUILT
QtrlyGDPData,GFDIPZ_USNA,all,False,,,,,,,,,,,NOT-BUILT
QtrlyGDPData,GFDISX_USNA,all,False,,,,,,,,,,,NOT-BUILT
QtrlyGDPData,GFDISZ_USNA,all,False,,,,,,,,,,,NOT-BUILT
QtrlyGDPData,GFDSFX_USNA,all,False,,,,,,,,,,,NOT-BUILT
QtrlyGDPData,GFDSFZ_USNA,all,False,,,,,,,,,,,NOT-BUILT
QtrlyGDPData,GFDX_USNA,all,False,,,,,,,,,,,NOT-BUILT
QtrlyGDPData,GFDZ_USNA,all,False,,,,,,,,,,,NOT-BUILT
QtrlyGDPData,GFNEDX_USNA,all,False,,,,,,,,,,,NOT-BUILT
QtrlyGDPData,GFNEDZ_USNA,all,False,,,,,,,,,,,NOT-BUILT
QtrlyGDPData,GFNENX_USNA,all,False,,,,,,,,,,,NOT-BUILT
QtrlyGDPData,GFNENZ_USNA,all,False,,,,,,,,,,,NOT-BUILT
QtrlyGDPData,GFNESX_USNA,all,False,,,,,,,,,,,NOT-BUILT
QtrlyGDPData,GFNESZ_USNA,all,False,,,,,,,,,,,NOT-BUILT
QtrlyGDPData,GFNIEX_USNA,all,False,,,,,,,,,,,NOT-BUILT
QtrlyGDPData,GFNIEZ_USNA,all,False,,,,,,,,,,,NOT-BUILT
QtrlyGDPData,GFNIPX_USNA,all,False,,,,,,,,,,,NOT-BUILT
QtrlyGDPData,GFNIPZ_USNA,all,False,,,,,,,,,,,NOT-BUILT
QtrlyGDPData,GFNISX_USNA,all,False,,,,,,,,,,,NOT-BUILT
QtrlyGDPData,GFNISZ_USNA,all,False,,,,,,,,,,,NOT-BUILT
QtrlyGDPData,GFNSFX_USNA,all,False,,,,,,,,,,,NOT-BUILT
QtrlyGDPData,GFNSFZ_USNA,all,False,,,,,,,,,,,NOT-BUILT
QtrlyGDPData,GFNX_USNA,all,False,,,,,,,,,,,NOT-BUILT
QtrlyGDPData,GFNZ_USNA,all,False,,,,,,,,,,,NOT-BUILT
QtrlyGDPData,GFX_USNA,all,False,1947-03-31,2026-06-30,1959-03-31,2026-06-30,54.0,1.0,0.0,0.0,-12.0,0.0,EXACT
QtrlyGDPData,GFZ_USNA,all,False,1947-03-31,2026-06-30,1959-03-31,2026-06-30,54.0,1.0,0.0,0.0,-12.0,0.0,EXACT
QtrlyGDPData,GGNESX_USNA,all,False,,,,,,,,,,,NOT-BUILT
QtrlyGDPData,GGNESZ_USNA,all,False,,,,,,,,,,,NOT-BUILT
QtrlyGDPData,GGSESX_USNA,all,False,,,,,,,,,,,NOT-BUILT
QtrlyGDPData,GGSESZ_USNA,all,False,,,,,,,,,,,NOT-BUILT
QtrlyGDPData,GNEPIX_USNA,all,False,,,,,,,,,,,NOT-BUILT
QtrlyGDPData,GNEPIZ_USNA,all,False,,,,,,,,,,,NOT-BUILT
QtrlyGDPData,GNOAIX_USNA,all,False,,,,,,,,,,,NOT-BUILT
QtrlyGDPData,GNOAIZ_USNA,all,False,,,,,,,,,,,NOT-BUILT
QtrlyGDPData,GNOSSX_USNA,all,False,,,,,,,,,,,NOT-BUILT
QtrlyGDPData,GNOSSZ_USNA,all,False,,,,,,,,,,,NOT-BUILT
QtrlyGDPData,GSEPIX_USNA,all,False,,,,,,,,,,,NOT-BUILT
QtrlyGDPData,GSEPIZ_USNA,all,False,,,,,,,,,,,NOT-BUILT
QtrlyGDPData,GSESFX_USNA,all,False,,,,,,,,,,,NOT-BUILT
QtrlyGDPData,GSESFZ_USNA,all,False,,,,,,,,,,,NOT-BUILT
QtrlyGDPData,GSIEX_USNA,all,False,,,,,,,,,,,NOT-BUILT
QtrlyGDPData,GSIEZ_USNA,all,False,,,,,,,,,,,NOT-BUILT
QtrlyGDPData,GSIPX_USNA,all,False,,,,,,,,,,,NOT-BUILT
QtrlyGDPData,GSIPZ_USNA,all,False,,,,,,,,,,,NOT-BUILT
QtrlyGDPData,GSISX_USNA,all,False,,,,,,,,,,,NOT-BUILT
QtrlyGDPData,GSISZ_USNA,all,False,,,,,,,,,,,NOT-BUILT
QtrlyGDPData,GSOAIX_USNA,all,False,,,,,,,,,,,NOT-BUILT
QtrlyGDPData,GSOAIZ_USNA,all,False,,,,,,,,,,,NOT-BUILT
QtrlyGDPData,GSOSSX_USNA,all,False,,,,,,,,,,,NOT-BUILT
QtrlyGDPData,GSOSSZ_USNA,all,False,,,,,,,,,,,NOT-BUILT
QtrlyGDPData,GSX_USNA,all,False,1947-03-31,2026-06-30,1959-03-31,2026-06-30,54.0,1.0,0.0,0.0,-12.0,0.0,EXACT
QtrlyGDPData,GSZ_USNA,all,False,1947-03-31,2026-06-30,1959-03-31,2026-06-30,54.0,1.0,0.001,0.0,-12.0,0.0,EXACT
QtrlyGDPData,GX_USNA,all,False,,,,,,,,,,,NOT-BUILT
QtrlyGDPData,GZ_USNA,all,False,,,,,,,,,,,NOT-BUILT
QtrlyGDPData,GovtDef,all,False,,,,,,,,,,,NOT-BUILT
QtrlyGDPData,IPMFG_IP,all,False,,,,,,,,,,,NOT-BUILT
QtrlyGDPData,IPMFN_IP,all,False,,,,,,,,,,,NOT-BUILT
QtrlyGDPData,IPPDef,all,False,,,,,,,,,,,NOT-BUILT
QtrlyGDPData,IPPSoftwareDef,all,False,,,,,,,,,,,NOT-BUILT
QtrlyGDPData,IPPartDef,all,False,,,,,,,,,,,NOT-BUILT
QtrlyGDPData,IPPrdDef,all,False,,,,,,,,,,,NOT-BUILT
QtrlyGDPData,IX_USNA,all,False,,,,,,,,,,,NOT-BUILT
QtrlyGDPData,IZ_USNA,all,False,,,,,,,,,,,NOT-BUILT
QtrlyGDPData,ImpGoodDef,all,False,,,,,,,,,,,NOT-BUILT
QtrlyGDPData,ImpNPGoodDef,all,False,,,,,,,,,,,NOT-BUILT
QtrlyGDPData,ImpSvcDef,all,False,,,,,,,,,,,NOT-BUILT
QtrlyGDPData,ImportDef,all,False,,,,,,,,,,,NOT-BUILT
QtrlyGDPData,JFNSAM_USNA,all,False,,,,,,,,,,,NOT-BUILT
QtrlyGDPData,JFNSBK_USNA,all,False,,,,,,,,,,,NOT-BUILT
QtrlyGDPData,JFNSCH_USNA,all,False,,,,,,,,,,,NOT-BUILT
QtrlyGDPData,JFNSCM_USNA,all,False,,,,,,,,,,,NOT-BUILT
QtrlyGDPData,JFNSCO_USNA,all,False,,,,,,,,,,,NOT-BUILT
QtrlyGDPData,JFNSE_USNA,all,False,,,,,,,,,,,NOT-BUILT
QtrlyGDPData,JFNSF_USNA,all,False,,,,,,,,,,,NOT-BUILT
QtrlyGDPData,JFNSHH_USNA,all,False,,,,,,,,,,,NOT-BUILT
QtrlyGDPData,JFNSHI_USNA,all,False,,,,,,,,,,,NOT-BUILT
QtrlyGDPData,JFNSHM_USNA,all,False,,,,,,,,,,,NOT-BUILT
QtrlyGDPData,JFNSHS_USNA,all,False,,,,,,,,,,,NOT-BUILT
QtrlyGDPData,JFNSL_USNA,all,False,,,,,,,,,,,NOT-BUILT
QtrlyGDPData,JFNSMG_USNA,all,False,,,,,,,,,,,NOT-BUILT
QtrlyGDPData,JFNSMI_USNA,all,False,,,,,,,,,,,NOT-BUILT
QtrlyGDPData,JFNSMN_USNA,all,False,,,,,,,,,,,NOT-BUILT
QtrlyGDPData,JFNSMP_USNA,all,False,,,,,,,,,,,NOT-BUILT
QtrlyGDPData,JFNSOC_USNA,all,False,,,,,,,,,,,NOT-BUILT
QtrlyGDPData,JFNSOO_USNA,all,False,,,,,,,,,,,NOT-BUILT
QtrlyGDPData,JFNSO_USNA,all,False,,,,,,,,,,,NOT-BUILT
QtrlyGDPData,JFNSPC_USNA,all,False,,,,,,,,,,,NOT-BUILT
QtrlyGDPData,JFNSPE_USNA,all,False,,,,,,,,,,,NOT-BUILT
QtrlyGDPData,JFNSPO_USNA,all,False,,,,,,,,,,,NOT-BUILT
QtrlyGDPData,JFNSP_USNA,all,False,,,,,,,,,,,NOT-BUILT
QtrlyGDPData,JFNSR_USNA,all,False,,,,,,,,,,,NOT-BUILT
QtrlyGDPData,JFNSSF_USNA,all,False,,,,,,,,,,,NOT-BUILT
QtrlyGDPData,JFNSSM_USNA,all,False,,,,,,,,,,,NOT-BUILT
QtrlyGDPData,JFNSTA_USNA,all,False,,,,,,,,,,,NOT-BUILT
QtrlyGDPData,JFNSTL_USNA,all,False,,,,,,,,,,,NOT-BUILT
QtrlyGDPData,JFNSTS_USNA,all,False,,,,,,,,,,,NOT-BUILT
QtrlyGDPData,JFNSTT_USNA,all,False,,,,,,,,,,,NOT-BUILT
QtrlyGDPData,JFNSW_USNA,all,False,,,,,,,,,,,NOT-BUILT
QtrlyGDPData,JFRSBK_USNA,all,False,,,,,,,,,,,NOT-BUILT
QtrlyGDPData,JFRSIN_USNA,all,False,,,,,,,,,,,NOT-BUILT
QtrlyGDPData,JF_USNA,all,False,,,,,,,,,,,NOT-BUILT
QtrlyGDPData,JI_USNA,all,False,,,,,,,,,,,NOT-BUILT
QtrlyGDPData,LSPIGC_USECON,all,False,,,,,,,,,,,NOT-BUILT
QtrlyGDPData,MMCDX_USNA,all,False,,,,,,,,,,,NOT-BUILT
QtrlyGDPData,MMCNX_USNA,all,False,,,,,,,,,,,NOT-BUILT
QtrlyGDPData,MMFX_USNA,all,False,,,,,,,,,,,NOT-BUILT
QtrlyGDPData,MMIDX_USNA,all,False,,,,,,,,,,,NOT-BUILT
QtrlyGDPData,MMINX_USNA,all,False,,,,,,,,,,,NOT-BUILT
QtrlyGDPData,MMKVX_USNA,all,False,,,,,,,,,,,NOT-BUILT
QtrlyGDPData,MMKXX_USNA,all,False,,,,,,,,,,,NOT-BUILT
QtrlyGDPData,MMOX_USNA,all,False,,,,,,,,,,,NOT-BUILT
QtrlyGDPData,MMPX_USNA,all,False,,,,,,,,,,,NOT-BUILT
QtrlyGDPData,MMXPX_USNA,all,False,,,,,,,,,,,NOT-BUILT
QtrlyGDPData,MMXPZ_USNA,all,False,,,,,,,,,,,NOT-BUILT
QtrlyGDPData,MMX_USNA,all,False,1947-03-31,2026-06-30,1959-03-31,2026-06-30,54.0,1.0,0.0,0.0,-12.0,0.0,EXACT
QtrlyGDPData,MMZ_USNA,all,False,1947-03-31,2026-06-30,1959-03-31,2026-06-30,54.0,1.0,0.0,0.0,-12.0,0.0,EXACT
QtrlyGDPData,MSX_USNA,all,False,1947-03-31,2026-06-30,1959-03-31,2026-06-30,54.0,1.0,0.0,0.0,-12.0,0.0,EXACT
QtrlyGDPData,MSZ_USNA,all,False,1947-03-31,2026-06-30,1959-03-31,2026-06-30,54.0,1.0,0.0,0.0,-12.0,0.0,EXACT
QtrlyGDPData,MVINX_USNA,all,False,,,,,,,,,,,NOT-BUILT
QtrlyGDPData,MVINZ_USNA,all,False,,,,,,,,,,,NOT-BUILT
QtrlyGDPData,MVIUTX_USNA,all,False,,,,,,,,,,,NOT-BUILT
QtrlyGDPData,MVIUTZDef,all,False,,,,,,,,,,,NOT-BUILT
QtrlyGDPData,MVIUTZ_USNA,all,False,,,,,,,,,,,NOT-BUILT
QtrlyGDPData,MX_USNA,all,False,,,,,,,,,,,NOT-BUILT
QtrlyGDPData,MZ_USNA,all,False,,,,,,,,,,,NOT-BUILT
QtrlyGDPData,NResStructDef,all,False,,,,,,,,,,,NOT-BUILT
QtrlyGDPData,NatDefDef,all,False,,,,,,,,,,,NOT-BUILT
QtrlyGDPData,NatDefEDef,all,False,,,,,,,,,,,NOT-BUILT
QtrlyGDPData,NonDefDef,all,False,,,,,,,,,,,NOT-BUILT
QtrlyGDPData,NonDefEDef,all,False,,,,,,,,,,,NOT-BUILT
QtrlyGDPData,PTCH_USNA,all,False,,,,,,,,,,,NOT-BUILT
QtrlyGDPData,PTFH_USNA,all,False,,,,,,,,,,,NOT-BUILT
QtrlyGDPData,PTFNEH_USNA,all,False,,,,,,,,,,,NOT-BUILT
QtrlyGDPData,PTFNH_USNA,all,False,,,,,,,,,,,NOT-BUILT
QtrlyGDPData,PTFNPH_USNA,all,False,,,,,,,,,,,NOT-BUILT
QtrlyGDPData,PTFNSH_USNA,all,False,,,,,,,,,,,NOT-BUILT
QtrlyGDPData,PTFRH_USNA,all,False,,,,,,,,,,,NOT-BUILT
QtrlyGDPData,PTGH_USNA,all,False,,,,,,,,,,,NOT-BUILT
QtrlyGDPData,PTIH_USNA,all,False,,,,,,,,,,,NOT-BUILT
QtrlyGDPData,PTMH_USNA,all,False,,,,,,,,,,,NOT-BUILT
QtrlyGDPData,PTVH_USNA,all,False,,,,,,,,,,,NOT-BUILT
QtrlyGDPData,PTXH_USNA,all,False,,,,,,,,,,,NOT-BUILT
QtrlyGDPData,PTXNETH_USNA,all,False,,,,,,,,,,,NOT-BUILT
QtrlyGDPData,ResEDef,all,False,,,,,,,,,,,NOT-BUILT
QtrlyGDPData,ResOtherDef,all,False,,,,,,,,,,,NOT-BUILT
QtrlyGDPData,ResPermDef,all,False,,,,,,,,,,,NOT-BUILT
QtrlyGDPData,S2X_USNA,all,False,,,,,,,,,,,NOT-BUILT
QtrlyGDPData,S2Z_USNA,all,False,,,,,,,,,,,NOT-BUILT
QtrlyGDPData,SF2X_USNA,all,False,,,,,,,,,,,NOT-BUILT
QtrlyGDPData,SF2Z_USNA,all,False,,,,,,,,,,,NOT-BUILT
QtrlyGDPData,SFX_USNA,all,False,,,,,,,,,,,NOT-BUILT
QtrlyGDPData,SFZ_USNA,all,True,1996-12-31,2026-06-30,1959-03-31,2026-06-30,54.0,1.0,0.0,0.0,37.8,0.0,EXACT+SHORT
QtrlyGDPData,SLDef,all,False,,,,,,,,,,,NOT-BUILT
QtrlyGDPData,SLEDef,all,False,,,,,,,,,,,NOT-BUILT
QtrlyGDPData,SN2X_USNA,all,False,,,,,,,,,,,NOT-BUILT
QtrlyGDPData,SN2Z_USNA,all,False,,,,,,,,,,,NOT-BUILT
QtrlyGDPData,SNBX_USNA,all,False,,,,,,,,,,,NOT-BUILT
QtrlyGDPData,SNBZ_USNA,all,False,,,,,,,,,,,NOT-BUILT
QtrlyGDPData,SNM2X_USNA,all,False,,,,,,,,,,,NOT-BUILT
QtrlyGDPData,SNM2Z_USNA,all,False,,,,,,,,,,,NOT-BUILT
QtrlyGDPData,SNMD2X_USNA,all,False,,,,,,,,,,,NOT-BUILT
QtrlyGDPData,SNMD2Z_USNA,all,False,,,,,,,,,,,NOT-BUILT
QtrlyGDPData,SNMDX_USNA,all,False,,,,,,,,,,,NOT-BUILT
QtrlyGDPData,SNMDZ_USNA,all,True,1996-12-31,2026-06-30,1996-12-31,2026-06-30,54.0,1.0,0.0,0.0,0.0,0.0,EXACT
QtrlyGDPData,SNMN2X_USNA,all,False,,,,,,,,,,,NOT-BUILT
QtrlyGDPData,SNMN2Z_USNA,all,False,,,,,,,,,,,NOT-BUILT
QtrlyGDPData,SNMNX_USNA,all,False,,,,,,,,,,,NOT-BUILT
QtrlyGDPData,SNMNZ_USNA,all,True,1996-12-31,2026-06-30,1996-12-31,2026-06-30,54.0,1.0,0.0,0.0,0.0,0.0,EXACT
QtrlyGDPData,SNMX_USNA,all,False,,,,,,,,,,,NOT-BUILT
QtrlyGDPData,SNMZ_USNA,all,False,,,,,,,,,,,NOT-BUILT
QtrlyGDPData,SNO2X_USNA,all,False,,,,,,,,,,,NOT-BUILT
QtrlyGDPData,SNO2Z_USNA,all,False,,,,,,,,,,,NOT-BUILT
QtrlyGDPData,SNOZ_USNAqtrExtrap,all,True,1996-12-31,2026-06-30,1959-03-31,2026-06-30,54.0,1.0,0.0,0.0,37.8,0.0,EXACT+SHORT
QtrlyGDPData,SNR2X_USNA,all,False,,,,,,,,,,,NOT-BUILT
QtrlyGDPData,SNR2Z_USNA,all,False,,,,,,,,,,,NOT-BUILT
QtrlyGDPData,SNRDO2X_USNA,all,False,,,,,,,,,,,NOT-BUILT
QtrlyGDPData,SNRDO2Z_USNA,all,False,,,,,,,,,,,NOT-BUILT
QtrlyGDPData,SNRDV2X_USNA,all,False,,,,,,,,,,,NOT-BUILT
QtrlyGDPData,SNRDV2Z_USNA,all,False,,,,,,,,,,,NOT-BUILT
QtrlyGDPData,SNRDVX_USNA,all,False,,,,,,,,,,,NOT-BUILT
QtrlyGDPData,SNRDVZ_USNA,all,True,1996-12-31,2026-06-30,1996-12-31,2026-06-30,54.0,1.0,0.0,0.0,0.0,0.0,EXACT
QtrlyGDPData,SNRFX_USNA,all,False,,,,,,,,,,,NOT-BUILT
QtrlyGDPData,SNRFZ_USNA,all,False,,,,,,,,,,,NOT-BUILT
QtrlyGDPData,SNRGX_USNA,all,False,,,,,,,,,,,NOT-BUILT
QtrlyGDPData,SNRGZ_USNA,all,False,,,,,,,,,,,NOT-BUILT
QtrlyGDPData,SNRN2X_USNA,all,False,,,,,,,,,,,NOT-BUILT
QtrlyGDPData,SNRN2Z_USNA,all,False,,,,,,,,,,,NOT-BUILT
QtrlyGDPData,SNROX_USNA,all,False,,,,,,,,,,,NOT-BUILT
QtrlyGDPData,SNROZ_USNA,all,False,,,,,,,,,,,NOT-BUILT
QtrlyGDPData,SNRX_USNA,all,False,,,,,,,,,,,NOT-BUILT
QtrlyGDPData,SNRZ_USNA,all,False,,,,,,,,,,,NOT-BUILT
QtrlyGDPData,SNTX_USNA,all,False,,,,,,,,,,,NOT-BUILT
QtrlyGDPData,SNTZ_USNA,all,False,,,,,,,,,,,NOT-BUILT
QtrlyGDPData,SNW2X_USNA,all,False,,,,,,,,,,,NOT-BUILT
QtrlyGDPData,SNW2Z_USNA,all,False,,,,,,,,,,,NOT-BUILT
QtrlyGDPData,SNWM2X_USNA,all,False,,,,,,,,,,,NOT-BUILT
QtrlyGDPData,SNWM2Z_USNA,all,False,,,,,,,,,,,NOT-BUILT
QtrlyGDPData,SNWMX_USNA,all,False,,,,,,,,,,,NOT-BUILT
QtrlyGDPData,SNWMZ_USNA,all,True,1996-12-31,2026-06-30,1996-12-31,2026-06-30,54.0,1.0,0.0,0.0,0.0,0.0,EXACT
QtrlyGDPData,SNWW2X_USNA,all,False,,,,,,,,,,,NOT-BUILT
QtrlyGDPData,SNWW2Z_USNA,all,False,,,,,,,,,,,NOT-BUILT
QtrlyGDPData,SNWWX_USNA,all,False,,,,,,,,,,,NOT-BUILT
QtrlyGDPData,SNWWZ_USNA,all,True,1996-12-31,2026-06-30,1959-03-31,2026-06-30,54.0,1.0,0.0,0.0,37.8,0.0,EXACT+SHORT
QtrlyGDPData,SNWX_USNA,all,False,,,,,,,,,,,NOT-BUILT
QtrlyGDPData,SNWZ_USNA,all,False,,,,,,,,,,,NOT-BUILT
QtrlyGDPData,SNX_USNA,all,False,,,,,,,,,,,NOT-BUILT
QtrlyGDPData,SNZ_USNA,all,False,,,,,,,,,,,NOT-BUILT
QtrlyGDPData,SX_USNA,all,False,,,,,,,,,,,NOT-BUILT
QtrlyGDPData,SZ_USNA,all,True,1996-12-31,2026-06-30,1959-03-31,2026-06-30,54.0,1.0,0.0,0.0,37.8,0.0,EXACT+SHORT
QtrlyGDPData,TIX_USNA,all,False,,,,,,,,,,,NOT-BUILT
QtrlyGDPData,TIZDef,all,False,,,,,,,,,,,NOT-BUILT
QtrlyGDPData,TIZ_USNA,all,False,,,,,,,,,,,NOT-BUILT
QtrlyGDPData,TLIX_USNA,all,False,,,,,,,,,,,NOT-BUILT
QtrlyGDPData,TLIZDef,all,False,,,,,,,,,,,NOT-BUILT
QtrlyGDPData,TLIZ_USNA,all,False,,,,,,,,,,,NOT-BUILT
QtrlyGDPData,TOIX_USNA,all,False,,,,,,,,,,,NOT-BUILT
QtrlyGDPData,TOIZDef,all,False,,,,,,,,,,,NOT-BUILT
QtrlyGDPData,TOIZ_USNA,all,False,,,,,,,,,,,NOT-BUILT
QtrlyGDPData,VFX_USNA,all,False,,,,,,,,,,,NOT-BUILT
QtrlyGDPData,VFZ_USNA,all,False,,,,,,,,,,,NOT-BUILT
QtrlyGDPData,VGZ_USNA,all,False,,,,,,,,,,,NOT-BUILT
QtrlyGDPData,VNBX_USNA,all,False,,,,,,,,,,,NOT-BUILT
QtrlyGDPData,VNBZ_USNA,all,False,,,,,,,,,,,NOT-BUILT
QtrlyGDPData,VNMDBX_USNA,all,False,,,,,,,,,,,NOT-BUILT
QtrlyGDPData,VNMDIX_USNA,all,False,,,,,,,,,,,NOT-BUILT
QtrlyGDPData,VNMDX_USNA,all,False,,,,,,,,,,,NOT-BUILT
QtrlyGDPData,VNMDZ_USNA,all,False,,,,,,,,,,,NOT-BUILT
QtrlyGDPData,VNMFX_USNA,all,False,,,,,,,,,,,NOT-BUILT
QtrlyGDPData,VNMNX_USNA,all,False,,,,,,,,,,,NOT-BUILT
QtrlyGDPData,VNMNZ_USNA,all,False,,,,,,,,,,,NOT-BUILT
QtrlyGDPData,VNMZ_USNA,all,False,,,,,,,,,,,NOT-BUILT
QtrlyGDPData,VNRDVX_USNA,all,False,,,,,,,,,,,NOT-BUILT
QtrlyGDPData,VNRDVZ_USNA,all,False,,,,,,,,,,,NOT-BUILT
QtrlyGDPData,VNRFX_USNA,all,False,,,,,,,,,,,NOT-BUILT
QtrlyGDPData,VNRFZ_USNA,all,False,,,,,,,,,,,NOT-BUILT
QtrlyGDPData,VNRGX_USNA,all,False,,,,,,,,,,,NOT-BUILT
QtrlyGDPData,VNRGZ_USNA,all,False,,,,,,,,,,,NOT-BUILT
QtrlyGDPData,VNROX_USNA,all,False,,,,,,,,,,,NOT-BUILT
QtrlyGDPData,VNROZ_USNA,all,False,,,,,,,,,,,NOT-BUILT
QtrlyGDPData,VNRX_USNA,all,False,,,,,,,,,,,NOT-BUILT
QtrlyGDPData,VNRZ_USNA,all,False,,,,,,,,,,,NOT-BUILT
QtrlyGDPData,VNTX_USNA,all,False,,,,,,,,,,,NOT-BUILT
QtrlyGDPData,VNTZ_USNA,all,False,,,,,,,,,,,NOT-BUILT
QtrlyGDPData,VNWMX_USNA,all,False,,,,,,,,,,,NOT-BUILT
QtrlyGDPData,VNWMZ_USNA,all,False,,,,,,,,,,,NOT-BUILT
QtrlyGDPData,VNWWX_USNA,all,False,,,,,,,,,,,NOT-BUILT
QtrlyGDPData,VNWWZ_USNA,all,False,,,,,,,,,,,NOT-BUILT
QtrlyGDPData,VNWX_USNA,all,False,,,,,,,,,,,NOT-BUILT
QtrlyGDPData,VNWZ_USNA,all,False,,,,,,,,,,,NOT-BUILT
QtrlyGDPData,VX_USNA,all,False,1947-03-31,2026-06-30,1959-03-31,2026-06-30,54.0,1.0,0.0,0.0,-12.0,0.0,EXACT
QtrlyGDPData,VZ_USNA,all,False,1947-03-31,2026-06-30,1959-03-31,2026-06-30,54.0,1.0,0.0,0.0,-12.0,0.0,EXACT
QtrlyGDPData,XMNAGX_USNA,all,False,,,,,,,,,,,NOT-BUILT
QtrlyGDPData,XMNAGZ_USNA,all,False,,,,,,,,,,,NOT-BUILT
QtrlyGDPData,XMX_USNA,all,False,1947-03-31,2026-06-30,1959-03-31,2026-06-30,54.0,1.0,0.0,0.0,-12.0,0.0,EXACT
QtrlyGDPData,XMZ_USNA,all,False,1947-03-31,2026-06-30,1959-03-31,2026-06-30,54.0,1.0,0.0,0.0,-12.0,0.0,EXACT
QtrlyGDPData,XNETZ_USNA,all,False,,,,,,,,,,,NOT-BUILT
QtrlyGDPData,XSX_USNA,all,False,1947-03-31,2026-06-30,1959-03-31,2026-06-30,54.0,1.0,0.0,0.0,-12.0,0.0,EXACT
QtrlyGDPData,XSZ_USNA,all,False,1947-03-31,2026-06-30,1959-03-31,2026-06-30,54.0,1.0,0.0,0.0,-12.0,0.0,EXACT
QtrlyGDPData,XX_USNA,all,False,,,,,,,,,,,NOT-BUILT
QtrlyGDPData,XZ_USNA,all,False,,,,,,,,,,,NOT-BUILT
QtrlyGDPData,priceRETINVexautoSplice,all,True,1996-12-31,2026-06-30,1959-03-31,2026-06-30,54.0,1.0,0.002,0.0001,37.8,0.0,EXACT+SHORT
QtrlyGDPData,quantRETINVexautoSplice,all,True,1996-12-31,2026-06-30,1959-03-31,2026-06-30,54.0,1.0,0.002,0.0001,37.8,0.0,EXACT+SHORT
TransformedMonthlySeries,ADS@USECON,all,False,1959-02-28,2026-08-31,1967-02-28,2026-08-31,164.0,1.0,0.0,0.0,-8.0,0.0,EXACT
TransformedMonthlySeries,ASCPU@USNA,all,True,1967-02-28,2026-08-31,1967-02-28,2026-08-31,164.0,1.0,0.0,0.0,0.0,0.0,EXACT
TransformedMonthlySeries,ASTOT@USECON,all,True,1959-02-28,2026-08-31,1967-02-28,2026-08-31,164.0,1.0,0.0,0.0,-8.0,0.0,EXACT
TransformedMonthlySeries,BOFGX@SURVEYS,all,False,1968-05-31,2026-09-30,1968-05-31,2026-09-30,165.0,1.0,0.0,0.0,0.0,0.0,EXACT
TransformedMonthlySeries,BOISM@SURVEYS,all,False,1968-05-31,2026-09-30,1968-05-31,2026-09-30,165.0,0.7134,1.922,0.126,0.0,0.0,POOR
TransformedMonthlySeries,BusShareTrucks,all,True,1976-02-29,2026-08-31,1987-02-28,2026-08-31,164.0,1.0,0.003,0.0087,-11.0,0.0,EXACT
TransformedMonthlySeries,CDQM@USNA,all,False,1959-02-28,2026-08-31,1967-02-28,2026-08-31,164.0,1.0,0.002,0.0039,-8.0,0.0,EXACT
TransformedMonthlySeries,CNQM@USNA,all,False,1959-02-28,2026-08-31,1967-02-28,2026-08-31,164.0,1.0,0.004,0.0073,-8.0,0.0,EXACT
TransformedMonthlySeries,CPG@USECON,all,False,1959-02-28,2026-08-31,1967-02-28,2026-08-31,164.0,1.0,0.0,0.0,-8.0,0.0,EXACT
TransformedMonthlySeries,CPGF@USECON,all,True,1965-04-30,2026-08-31,1967-02-28,2026-08-31,164.0,1.0,0.033,0.1495,-1.8,0.0,EXACT
TransformedMonthlySeries,CPGS@USECON,all,True,1965-04-30,2026-08-31,1967-02-28,2026-08-31,164.0,0.9996,0.052,0.3428,-1.8,0.0,GOOD
TransformedMonthlySeries,CPVD@USECON,all,True,1965-04-30,2026-08-31,1967-02-28,2026-08-31,164.0,0.9993,0.057,0.1195,-1.8,0.0,GOOD
TransformedMonthlySeries,CQM@USNA,all,False,1959-02-28,2026-08-31,1967-02-28,2026-08-31,164.0,1.0,0.002,0.0017,-8.0,0.0,EXACT
TransformedMonthlySeries,CSQM@USNA,all,False,1959-02-28,2026-08-31,1967-02-28,2026-08-31,164.0,1.0,0.008,0.005,-8.0,0.0,EXACT
TransformedMonthlySeries,CUMFG@IP,all,False,1948-02-29,2026-08-31,1967-02-28,2026-08-31,164.0,1.0,0.0,0.0,-19.0,0.0,EXACT
TransformedMonthlySeries,CUT@IP,all,False,1967-02-28,2026-08-31,1967-02-28,2026-08-31,164.0,1.0,0.0,0.0,0.0,0.0,EXACT
TransformedMonthlySeries,CoreCapGoodsExports,all,True,1959-02-28,2026-08-31,1967-02-28,2026-08-31,164.0,0.9851,0.002,0.022,-8.0,0.0,FAIR
TransformedMonthlySeries,CoreCapGoodsImports,all,True,1959-02-28,2026-08-31,1967-02-28,2026-08-31,164.0,0.9999,0.018,0.0521,-8.0,0.0,EXACT
TransformedMonthlySeries,CoreCapGoodsShipments,all,True,1968-02-29,2026-08-31,1968-02-29,2026-08-31,164.0,1.0,0.002,0.0102,0.0,0.0,EXACT
TransformedMonthlySeries,CoreRetailSales,all,False,,,,,,,,,,,NOT-BUILT
TransformedMonthlySeries,DefenseShipments,all,False,1968-02-29,2026-08-31,1968-02-29,2026-08-31,164.0,1.0,0.0,0.0,0.0,0.0,EXACT
TransformedMonthlySeries,HN1MT@USECON,all,False,1963-02-28,2026-08-31,1967-02-28,2026-08-31,164.0,1.0,0.0,0.0,-4.0,0.0,EXACT
TransformedMonthlySeries,HN1SUS@USECON,all,False,1963-02-28,2026-08-31,1967-02-28,2026-08-31,164.0,1.0,0.0,,-4.0,0.0,EXACT
TransformedMonthlySeries,HN1US@USECON,all,False,1963-02-28,2026-08-31,1967-02-28,2026-08-31,164.0,1.0,0.0,0.0,-4.0,0.0,EXACT
TransformedMonthlySeries,HPT@USECON,all,False,1960-02-29,2026-08-31,1967-02-28,2026-08-31,164.0,1.0,0.0,0.0,-7.0,0.0,EXACT
TransformedMonthlySeries,HSM@USECON,all,False,1959-02-28,2026-07-31,1967-02-28,2026-07-31,163.0,1.0,0.731,,-8.0,0.0,GOOD
TransformedMonthlySeries,HST1@USECON,all,False,1959-02-28,2026-08-31,1967-02-28,2026-08-31,164.0,1.0,0.0,0.0,-8.0,0.0,EXACT
TransformedMonthlySeries,HST@USECON,all,False,1959-02-28,2026-08-31,1967-02-28,2026-08-31,164.0,1.0,0.0,0.0,-8.0,0.0,EXACT
TransformedMonthlySeries,HSTM@USECON,all,False,1959-02-28,2026-08-31,1967-02-28,2026-08-31,164.0,1.0,0.0,0.0,-8.0,0.0,EXACT
TransformedMonthlySeries,HSTMW@USECON,all,False,1959-02-28,2026-08-31,1967-02-28,2026-08-31,164.0,1.0,0.0,0.0,-8.0,0.0,EXACT
TransformedMonthlySeries,HSTNE@USECON,all,False,1959-02-28,2026-08-31,1967-02-28,2026-08-31,164.0,1.0,0.0,0.0,-8.0,0.0,EXACT
TransformedMonthlySeries,HSTS@USECON,all,False,1959-02-28,2026-08-31,1967-02-28,2026-08-31,164.0,1.0,0.0,0.0,-8.0,0.0,EXACT
TransformedMonthlySeries,HSTW@USECON,all,False,1959-02-28,2026-08-31,1967-02-28,2026-08-31,164.0,1.0,0.0,0.0,-8.0,0.0,EXACT
TransformedMonthlySeries,IP511@IP,all,False,1947-02-28,2026-08-31,1967-02-28,2026-08-31,164.0,1.0,0.0,0.0,-20.0,0.0,EXACT
TransformedMonthlySeries,IP512@IP,all,False,1947-02-28,2026-08-31,1967-02-28,2026-08-31,164.0,1.0,0.0,0.0,-20.0,0.0,EXACT
TransformedMonthlySeries,IP51@IP,all,False,1947-02-28,2026-08-31,1967-02-28,2026-08-31,164.0,1.0,0.0,0.0,-20.0,0.0,EXACT
TransformedMonthlySeries,IP521@IP,all,False,1947-02-28,2026-08-31,1967-02-28,2026-08-31,164.0,1.0,0.0,0.0,-20.0,0.0,EXACT
TransformedMonthlySeries,IP53@IP,all,False,1947-02-28,2026-08-31,1967-02-28,2026-08-31,164.0,1.0,0.0,0.0,-20.0,0.0,EXACT
TransformedMonthlySeries,IP54@IP,all,False,1947-02-28,2026-08-31,1967-02-28,2026-08-31,164.0,1.0,0.0,0.0,-20.0,0.0,EXACT
TransformedMonthlySeries,IP@IP,all,True,1947-02-28,2026-08-31,1967-02-28,2026-08-31,164.0,1.0,0.0,0.0,-20.0,0.0,EXACT
TransformedMonthlySeries,IPB31@IP,all,True,1972-02-29,2026-08-31,1972-02-29,2026-08-31,164.0,1.0,0.0,0.0,0.0,0.0,EXACT
TransformedMonthlySeries,IPFP@IP,all,False,1947-02-28,2026-08-31,1967-02-28,2026-08-31,164.0,1.0,0.0,0.0,-20.0,0.0,EXACT
TransformedMonthlySeries,IPMFG@IP,all,False,1947-02-28,2026-08-31,1967-02-28,2026-08-31,164.0,1.0,0.0,0.0,-20.0,0.0,EXACT
TransformedMonthlySeries,IPTP@IP,all,False,1947-02-28,2026-08-31,1967-02-28,2026-08-31,164.0,1.0,0.0,0.0,-20.0,0.0,EXACT
TransformedMonthlySeries,LACONSA@USECON,all,False,1947-02-28,2026-08-31,1967-02-28,2026-08-31,164.0,1.0,0.0,0.0,-20.0,0.0,EXACT
TransformedMonthlySeries,LAD61A@USECON,all,False,1985-02-28,2026-08-31,1985-02-28,2026-08-31,164.0,1.0,0.0,0.0,0.0,0.0,EXACT
TransformedMonthlySeries,LADURGA@USECON,all,False,1947-02-28,2026-08-31,1967-02-28,2026-08-31,164.0,1.0,0.0,0.0,-20.0,0.0,EXACT
TransformedMonthlySeries,LAEDUHA@USECON,all,False,1947-02-28,2026-08-31,1967-02-28,2026-08-31,164.0,1.0,0.0,0.0,-20.0,0.0,EXACT
TransformedMonthlySeries,LAFGDA@LABOR,all,True,1959-02-28,2026-07-31,1967-02-28,2026-07-31,163.0,0.9954,0.027,0.3976,-8.0,0.0,GOOD
TransformedMonthlySeries,LAFGOVA@USECON,all,True,1947-02-28,2026-08-31,1967-02-28,2026-08-31,164.0,1.0,0.0,,-20.0,0.0,EXACT
TransformedMonthlySeries,LAFIREA@USECON,all,False,1947-02-28,2026-08-31,1967-02-28,2026-08-31,164.0,1.0,0.0,0.0,-20.0,0.0,EXACT
TransformedMonthlySeries,LAGOODA@USECON,all,False,1947-02-28,2026-08-31,1967-02-28,2026-08-31,164.0,1.0,0.0,0.0,-20.0,0.0,EXACT
TransformedMonthlySeries,LALEIHA@USECON,all,False,1947-02-28,2026-08-31,1967-02-28,2026-08-31,164.0,1.0,0.0,0.0,-20.0,0.0,EXACT
TransformedMonthlySeries,LAMANUA@USECON,all,False,1947-02-28,2026-08-31,1967-02-28,2026-08-31,164.0,1.0,0.0,0.0,-20.0,0.0,EXACT
TransformedMonthlySeries,LAMINGA@USECON,all,False,1958-02-28,2026-08-31,1967-02-28,2026-08-31,164.0,1.0,0.0,0.0,-9.0,0.0,EXACT
TransformedMonthlySeries,LANAGRA@USECON,all,False,1947-02-28,2026-08-31,1967-02-28,2026-08-31,164.0,1.0,0.0,0.0,-20.0,0.0,EXACT
TransformedMonthlySeries,LANDURA@USECON,all,False,1947-02-28,2026-08-31,1967-02-28,2026-08-31,164.0,1.0,0.0,,-20.0,0.0,EXACT
TransformedMonthlySeries,LAP15A@USECON,all,False,1990-02-28,2026-08-31,1990-02-28,2026-08-31,164.0,1.0,0.0,0.0,0.0,0.0,EXACT
TransformedMonthlySeries,LAPBSVA@USECON,all,True,1947-02-28,2026-08-31,1967-02-28,2026-08-31,164.0,1.0,0.0,0.0,-20.0,0.0,EXACT
TransformedMonthlySeries,LAPRIVA@USECON,all,False,1947-02-28,2026-08-31,1967-02-28,2026-08-31,164.0,1.0,0.0,0.0,-20.0,0.0,EXACT
TransformedMonthlySeries,LAPSRVA@USECON,all,False,1947-02-28,2026-08-31,1967-02-28,2026-08-31,164.0,1.0,0.0,0.0,-20.0,0.0,EXACT
TransformedMonthlySeries,LAPTSVA@USECON,all,True,1983-02-28,2026-08-31,1983-02-28,2026-08-31,164.0,1.0,0.0,0.0,0.0,0.0,EXACT
TransformedMonthlySeries,LARTRDA@USECON,all,False,1947-02-28,2026-08-31,1967-02-28,2026-08-31,164.0,1.0,0.0,0.0,-20.0,0.0,EXACT
TransformedMonthlySeries,LASRVOA@USECON,all,False,1947-02-28,2026-08-31,1967-02-28,2026-08-31,164.0,1.0,0.0,0.0,-20.0,0.0,EXACT
TransformedMonthlySeries,LAWTRDA@USECON,all,False,1947-02-28,2026-08-31,1967-02-28,2026-08-31,164.0,1.0,0.0,0.0,-20.0,0.0,EXACT
TransformedMonthlySeries,LE@USECON,all,False,1948-02-29,2026-08-31,1967-02-28,2026-08-31,162.0,1.0,0.036,0.0,-19.0,0.0,EXACT
TransformedMonthlySeries,LENA@USECON,all,False,1948-02-29,2026-08-31,1967-02-28,2026-08-31,162.0,1.0,0.016,0.0,-19.0,0.0,EXACT
TransformedMonthlySeries,LFPRUnround,all,False,1948-02-29,2026-08-31,1967-02-28,2026-08-31,162.0,0.9996,0.053,0.0,-19.0,0.0,GOOD
TransformedMonthlySeries,LOMANUA@USECON,all,False,1956-02-29,2026-08-31,1967-02-28,2026-08-31,164.0,1.0,0.0,,-11.0,0.0,EXACT
TransformedMonthlySeries,LPD61DA@LABOR,all,True,1990-02-28,2026-07-31,1990-02-28,2026-07-31,163.0,0.9999,0.033,0.3957,0.0,0.0,EXACT
TransformedMonthlySeries,LRM25@USECON,all,False,1948-02-29,2026-08-31,1967-02-28,2026-08-31,162.0,0.9997,0.104,,-19.0,0.0,GOOD
TransformedMonthlySeries,LRMANUA@USECON,all,False,1947-02-28,2026-08-31,1967-02-28,2026-08-31,164.0,1.0,0.0,,-20.0,0.0,EXACT
TransformedMonthlySeries,LRPRIVA@USECON,all,False,1964-02-29,2026-08-31,1967-02-28,2026-08-31,164.0,1.0,0.0,,-3.0,0.0,EXACT
TransformedMonthlySeries,LUMD@USECON,all,False,1967-08-31,2026-08-31,1967-08-31,2026-08-31,162.0,0.9998,0.026,0.0,0.0,0.0,EXACT
TransformedMonthlySeries,LoserOnLayoff,all,False,1967-02-28,2026-08-31,1967-02-28,2026-08-31,162.0,1.0,0.074,0.0,0.0,0.0,GOOD
TransformedMonthlySeries,ManInvShipRatio,all,False,1959-02-28,2026-08-31,1967-02-28,2026-08-31,164.0,1.0,0.028,0.0774,-8.0,0.0,EXACT
TransformedMonthlySeries,MobileHomeVal,all,True,1959-02-28,2026-07-31,1980-02-29,2026-07-31,163.0,0.9748,0.095,0.2063,-21.0,0.0,FAIR
TransformedMonthlySeries,NMS@USECON,all,False,1967-02-28,2026-08-31,1967-02-28,2026-08-31,164.0,1.0,0.009,0.0255,0.0,0.0,EXACT
TransformedMonthlySeries,NRST@USECON,all,False,1967-02-28,2026-08-31,1967-02-28,2026-08-31,164.0,1.0,0.001,0.0024,0.0,0.0,EXACT
TransformedMonthlySeries,NWSH@USECON,all,False,1967-02-28,2026-07-31,1967-02-28,2026-07-31,163.0,1.0,0.0,0.0,0.0,0.0,EXACT
TransformedMonthlySeries,NetExportsGoodsMonthlyContrib,all,True,1992-02-29,2026-08-31,1959-02-28,2026-08-31,164.0,0.9992,0.838,0.0828,33.0,0.0,GOOD+SHORT
TransformedMonthlySeries,NetSvcExportsMonthlyContrib,all,True,1992-02-29,2026-07-31,1960-04-30,2026-07-31,163.0,0.9998,0.689,0.1875,31.8,0.0,GOOD+SHORT
TransformedMonthlySeries,NomSingleStarts,all,False,1964-02-29,2026-08-31,1967-02-28,2026-08-31,164.0,0.9947,0.102,0.5661,-3.0,0.0,GOOD
TransformedMonthlySeries,NondefenseAircraftNetShipments,all,True,1968-02-29,2026-08-31,1968-02-29,2026-08-31,164.0,0.9942,0.006,0.4423,0.0,0.0,GOOD
TransformedMonthlySeries,RealCapitalShipments,all,False,1968-02-29,2026-08-31,1968-02-29,2026-08-31,164.0,1.0,0.0,0.0,0.0,0.0,EXACT
TransformedMonthlySeries,RetSalesResEquip,all,True,1967-02-28,2026-08-31,1967-02-28,2026-08-31,162.0,0.9984,0.072,0.1621,0.0,0.0,GOOD
TransformedMonthlySeries,RetailInvSalesRatio,all,False,1967-02-28,2026-08-31,1967-02-28,2026-08-31,164.0,1.0,0.03,0.1207,0.0,0.0,EXACT
TransformedMonthlySeries,SplicedBuildingMaterials,all,True,1967-02-28,2026-08-31,1967-02-28,2026-08-31,164.0,1.0,0.0,0.0,0.0,0.0,EXACT
TransformedMonthlySeries,SplicedComputersShipments,all,True,1966-01-31,2026-08-31,1967-02-28,2026-08-31,164.0,1.0,0.0,0.0052,-1.1,0.0,EXACT
TransformedMonthlySeries,SplicedDurableGoodsOrders,all,False,1959-02-28,2026-08-31,1967-02-28,2026-08-31,164.0,1.0,0.0,0.0,-8.0,0.0,EXACT
TransformedMonthlySeries,SplicedExportsComputersAndRelated,all,True,1966-01-31,2026-08-31,1967-02-28,2026-08-31,164.0,0.9971,0.001,0.0151,-1.1,0.0,GOOD
TransformedMonthlySeries,SplicedGoodsExports,all,True,1959-02-28,2026-08-31,1967-02-28,2026-08-31,164.0,0.9999,0.017,0.3244,-8.0,0.0,EXACT
TransformedMonthlySeries,SplicedGoodsImports,all,True,1959-02-28,2026-08-31,1967-02-28,2026-08-31,164.0,0.9993,0.036,0.1698,-8.0,0.0,EXACT
TransformedMonthlySeries,SplicedImportsComputersAndRelated,all,True,1966-01-31,2026-08-31,1967-02-28,2026-08-31,164.0,1.0,0.003,0.0391,-1.1,0.0,EXACT
TransformedMonthlySeries,SplicedNewHousingConstruction,all,True,1964-02-29,2026-08-31,1967-02-28,2026-08-31,164.0,1.0,0.0,0.0,-3.0,0.0,EXACT
TransformedMonthlySeries,SplicedNonCoreNonComputerNonSvcExports,all,False,,,,,,,,,,,NOT-BUILT
TransformedMonthlySeries,SplicedNonCoreNonComputerNonSvcImports,all,False,,,,,,,,,,,NOT-BUILT
TransformedMonthlySeries,SplicedServiceExports,all,True,1960-04-30,2026-07-31,1967-02-28,2026-07-31,163.0,1.0,0.002,0.016,-6.8,0.0,EXACT
TransformedMonthlySeries,SplicedServiceImports,all,True,1960-04-30,2026-07-31,1967-02-28,2026-07-31,163.0,0.9999,0.017,0.1883,-6.8,0.0,EXACT
TransformedMonthlySeries,StateLocalEmp,all,True,1955-02-28,2026-08-31,1967-02-28,2026-08-31,164.0,1.0,0.0,0.0,-12.0,0.0,EXACT
TransformedMonthlySeries,TLTSAR@USECON,all,True,1976-02-29,2026-08-31,1976-02-29,2026-08-31,164.0,1.0,0.0,0.0,0.0,0.0,EXACT
TransformedMonthlySeries,TSHSU@USNA,all,True,1967-02-28,2026-08-31,1967-02-28,2026-08-31,164.0,1.0,0.0,0.0,0.0,0.0,EXACT
TransformedMonthlySeries,URUnround,all,False,1948-02-29,2026-08-31,1967-02-28,2026-08-31,162.0,1.0,0.033,0.0,-19.0,0.0,EXACT
TransformedMonthlySeries,WeeklyClaims,all,False,1967-02-28,2026-09-30,1967-03-31,2026-09-30,165.0,1.0,0.0,0.0,-0.1,0.0,EXACT
TransformedMonthlySeries,WholeSaleInvSalesRatio,all,False,1967-02-28,2026-07-31,1967-02-28,2026-07-31,163.0,0.9836,0.122,0.3903,0.0,0.0,FAIR
TransformedMonthlySeries,YPDHM@USECON,all,False,1959-02-28,2026-08-31,1967-02-28,2026-08-31,164.0,1.0,0.0,0.0,-8.0,0.0,EXACT
TransformedMonthlySeries,YPLTPMH@USECON,all,False,1959-02-28,2026-08-31,1967-02-28,2026-08-31,164.0,1.0,0.002,0.0239,-8.0,0.0,EXACT
TransformedMonthlySeries,YPWGM@USNA,all,False,1959-02-28,2026-08-31,1967-02-28,2026-08-31,164.0,1.0,0.0,0.0,-8.0,0.0,EXACT
TransformedMonthlySeries,saFTO@USECON,all,True,1959-02-28,2026-08-31,1967-02-28,2026-08-31,164.0,0.9528,0.172,0.5165,-8.0,0.0,FAIR
TransformedMonthlySeries,saFTOD@USECON,all,True,1982-02-28,2026-08-31,1982-02-28,2026-08-31,164.0,0.9756,0.213,0.5009,0.0,0.0,FAIR
TransformedMonthlySeries,valExHomeSales,all,True,1968-02-29,2026-08-31,1968-02-29,2026-08-31,164.0,0.9991,0.125,0.5751,0.0,0.0,GOOD
TransformedMonthlySeries,valNewHomeSales,all,True,1975-02-28,2026-08-31,1975-02-28,2026-08-31,164.0,0.9958,0.057,0.477,0.0,0.0,GOOD
