sheet,key,class,pub_start,pub_end,wb_start,wb_end,n_overlap,growth_corr,recent_mad_over_sd,level_ratio_cv,hist_years_short,end_gap_months,status
ConsMonthlyLevels,CDMNM_USNA,raw,1959-01-31,2026-08-31,1959-01-31,2026-08-31,164.0,1.0,0.0,0.0,0.0,0.0,EXACT
ConsMonthlyLevels,CDMTNM_USNA,raw,1959-01-31,2026-08-31,1959-01-31,2026-08-31,164.0,1.0,0.0,0.0,0.0,0.0,EXACT
ConsMonthlyLevels,CDMVNHM_USNA,raw,1959-01-31,2026-08-31,1959-01-31,2026-08-31,164.0,1.0,0.0,0.0,0.0,0.0,EXACT
ConsMonthlyLevels,CDMVNM_USNA,raw,1959-01-31,2026-08-31,1959-01-31,2026-08-31,164.0,1.0,0.0,0.0,0.0,0.0,EXACT
ConsMonthlyLevels,CDMVUM_USNA,raw,1959-01-31,2026-08-31,1959-01-31,2026-08-31,164.0,1.0,0.0,0.0,0.0,0.0,EXACT
ConsMonthlyLevels,CNEM_USNA,raw,1959-01-31,2026-08-31,1959-01-31,2026-08-31,164.0,1.0,0.0,0.0,0.0,0.0,EXACT
ConsMonthlyLevels,CSDTFM_USNA,raw,1959-01-31,2026-08-31,1959-01-31,2026-08-31,164.0,1.0,0.0,0.0,0.0,0.0,EXACT
ConsMonthlyLevels,CSEM_USNA,raw,1959-01-31,2026-08-31,1959-01-31,2026-08-31,164.0,1.0,0.0,0.0,0.0,0.0,EXACT
ConsMonthlyLevels,CSFPM_USNA,raw,1959-01-31,2026-08-31,1959-01-31,2026-08-31,164.0,1.0,0.0,0.0,0.0,0.0,EXACT
ConsMonthlyLevels,CSFTOM_USNA,raw,1959-01-31,2026-08-31,1959-01-31,2026-08-31,164.0,1.0,0.0,0.0,0.0,0.0,EXACT
ConsMonthlyLevels,sumCoreNomRetailPCEExFoodSvc,constructed,1959-01-31,2026-08-31,1959-01-31,2026-08-31,164.0,0.9996,0.035,0.0002,0.0,0.0,EXACT
ConsMonthlyLevels,sumNomServicesPCEExFoodExUtilExForTravel,constructed,1959-01-31,2026-08-31,1959-01-31,2026-08-31,164.0,1.0,0.0,0.0,0.0,0.0,EXACT
ConsTransformedMonthlySeries,BMBSMR_USINT,constructed(transform of raw),1999-02-28,2026-07-31,1999-02-28,2026-07-31,163.0,1.0,0.0,0.0,0.0,0.0,EXACT
ConsTransformedMonthlySeries,BMBSMR_USINTPrevious,constructed,,,1999-02-28,2026-06-30,,,,,,,MISSING
ConsTransformedMonthlySeries,BMBSXR_USINT,constructed(transform of raw),1999-02-28,2026-07-31,1999-02-28,2026-07-31,163.0,1.0,0.0,0.0,0.0,0.0,EXACT
ConsTransformedMonthlySeries,BMBSXR_USINTPrevious,constructed,,,1999-02-28,2026-06-30,,,,,,,MISSING
ConsTransformedMonthlySeries,CDMVUHM_USNA,constructed(transform of raw),1959-02-28,2026-08-31,1959-02-28,2026-08-31,164.0,1.0,0.0,0.0007,0.0,0.0,EXACT
ConsTransformedMonthlySeries,CNEHM_USNA,constructed(transform of raw),1959-02-28,2026-08-31,1959-02-28,2026-08-31,164.0,1.0,0.002,0.0318,0.0,0.0,EXACT
ConsTransformedMonthlySeries,CSDTFHM_USNA,constructed(transform of raw),1959-02-28,2026-08-31,1959-02-28,2026-08-31,164.0,1.0,0.0,0.0007,0.0,0.0,EXACT
ConsTransformedMonthlySeries,CSDTFHM_USNARev,data+model_output,1959-02-28,2026-08-31,1959-02-28,2026-08-31,164.0,1.0,0.0,0.0007,0.0,0.0,EXACT
ConsTransformedMonthlySeries,CSEHM_USNA,constructed(transform of raw),1959-02-28,2026-08-31,1959-02-28,2026-08-31,164.0,1.0,0.001,0.0037,0.0,0.0,EXACT
ConsTransformedMonthlySeries,CSEHM_USNAFore,data+model_output,1959-02-28,2026-08-31,1959-02-28,2026-08-31,164.0,1.0,0.001,0.0037,0.0,0.0,EXACT
ConsTransformedMonthlySeries,CSFPHM_USNA,constructed(transform of raw),1959-02-28,2026-08-31,1959-02-28,2026-08-31,164.0,1.0,0.001,0.0052,0.0,0.0,EXACT
ConsTransformedMonthlySeries,CSFPMDeffr,data+model_output,1959-02-28,2026-08-31,1959-02-28,2026-12-31,164.0,0.9989,0.002,0.0028,0.0,4.0,GOOD+ENDS-EARLY
ConsTransformedMonthlySeries,CSFTOHM_USNA,constructed(transform of raw),1959-02-28,2026-08-31,1959-02-28,2026-08-31,164.0,1.0,0.001,0.0107,0.0,0.0,EXACT
ConsTransformedMonthlySeries,CSFTOHM_USNARev,data+model_output,1959-02-28,2026-08-31,1959-02-28,2026-08-31,164.0,1.0,0.001,0.0107,0.0,0.0,EXACT
ConsTransformedMonthlySeries,CoreRealRetailPCEDefExFoodSvcfr,data+model_output,1959-02-28,2026-08-31,1959-02-28,2026-12-31,164.0,0.9957,0.085,138.0819,0.0,4.0,GOOD+ENDS-EARLY
ConsTransformedMonthlySeries,CoreRealRetailPCEQtyExFoodSvc,constructed,1959-02-28,2026-08-31,1959-02-28,2026-08-31,164.0,0.9997,0.041,0.11,0.0,0.0,EXACT
ConsTransformedMonthlySeries,HerzonServicesLessFoodUtilTravelQty,constructed,1959-02-28,2026-08-31,1959-02-28,2026-08-31,164.0,1.0,0.005,0.0411,0.0,0.0,EXACT
ConsTransformedMonthlySeries,IPUTL_IP,constructed(transform of raw),1947-02-28,2026-08-31,1959-02-28,2026-08-31,164.0,1.0,0.0,0.0,-12.0,0.0,EXACT
ConsTransformedMonthlySeries,NRSV2_USECON,constructed(transform of raw),1992-02-29,2026-08-31,1967-02-28,2026-08-31,164.0,1.0,0.0,0.0,25.0,0.0,EXACT+SHORT
ConsTransformedMonthlySeries,NRSV2_USECONPrevious,constructed,1992-02-29,2026-07-31,1967-02-28,2026-07-31,163.0,1.0,0.0,0.0,25.0,0.0,EXACT+SHORT
ConsTransformedMonthlySeries,NRSXMI47_USECONPrevlessNRSV2_USECONPrev,constructed,1992-02-29,2026-07-31,1992-02-29,2026-07-31,163.0,0.9993,0.114,0.1533,0.0,0.0,GOOD
ConsTransformedMonthlySeries,NRSXMI47_USECONlessNRSV2_USECON,constructed(transform of raw),1992-02-29,2026-08-31,1992-02-29,2026-08-31,164.0,0.9993,0.074,0.1192,0.0,0.0,GOOD
InvDefDatafr,DSNMD_USNA,data+model_output,1996-12-31,2026-06-30,1959-03-31,2026-09-30,54.0,1.0,0.0,0.0,37.8,3.0,EXACT+SHORT+ENDS-EARLY
InvDefDatafr,DSNMN_USNA,data+model_output,1996-12-31,2026-06-30,1959-03-31,2026-09-30,54.0,1.0,0.0,0.0,37.8,3.0,EXACT+SHORT+ENDS-EARLY
InvDefDatafr,DSNRDV_USNA,data+model_output,1996-12-31,2026-06-30,1959-03-31,2026-09-30,54.0,1.0,0.0,0.0,37.8,3.0,EXACT+SHORT+ENDS-EARLY
InvDefDatafr,DSNWM_USNA,data+model_output,1996-12-31,2026-06-30,1959-03-31,2026-09-30,54.0,1.0,0.0,0.0,37.8,3.0,EXACT+SHORT+ENDS-EARLY
InvDefDatafr,DSNWW_USNA,data+model_output,1996-12-31,2026-06-30,1959-03-31,2026-09-30,54.0,1.0,0.0,0.0,37.8,3.0,EXACT+SHORT+ENDS-EARLY
InvDefDatafr,priceRETINVexautoSplice,data+model_output,1996-12-31,2026-06-30,1959-03-31,2026-09-30,54.0,1.0,0.002,0.0001,37.8,3.0,EXACT+SHORT+ENDS-EARLY
InventoryRaw,NMIDG_USECON,raw,1959-01-31,2026-08-31,1959-01-31,2026-08-31,164.0,1.0,0.0,0.0,0.0,0.0,EXACT
InventoryRaw,NMING_USECON,raw,1959-01-31,2026-07-31,1959-01-31,2026-08-31,163.0,1.0,0.001,0.0,0.0,1.0,EXACT+ENDS-EARLY
InventoryRaw,NRIXM_USECON,raw,1967-01-31,2026-08-31,1967-01-31,2026-08-31,164.0,0.9999,0.05,0.0002,0.0,0.0,GOOD
InventoryRaw,NWIH_USECON,raw,1980-12-31,2026-08-31,1980-12-31,2026-08-31,164.0,0.9996,0.044,0.0002,0.0,0.0,EXACT
InventoryRaw,VNMDIM_USNA,raw,1997-01-31,2026-06-30,1997-01-31,2026-06-30,162.0,1.0,0.0,0.0,0.0,0.0,EXACT
InventoryRaw,VNMNIM_USNA,raw,1997-01-31,2026-06-30,1997-01-31,2026-06-30,162.0,1.0,0.0,0.0,0.0,0.0,EXACT
InventoryRaw,VNRDVIM_USNA,raw,1997-01-31,2026-06-30,1997-01-31,2026-06-30,162.0,1.0,0.0,0.0,0.0,0.0,EXACT
InventoryRaw,VNRIM_USNA,raw,1997-01-31,2026-06-30,1997-01-31,2026-06-30,162.0,1.0,0.0,0.0,0.0,0.0,EXACT
InventoryRaw,VNWLMIM_USNA,raw,1997-01-31,2026-06-30,1997-01-31,2026-06-30,162.0,1.0,0.0,0.0,0.0,0.0,EXACT
MonthlyLevels,ASCPU@USNA,raw,1967-01-31,2026-08-31,1967-01-31,2026-08-31,164.0,1.0,0.0,0.0,0.0,0.0,EXACT
MonthlyLevels,ASTOT@USECON,raw,1959-01-31,2026-08-31,1959-01-31,2026-08-31,164.0,1.0,0.0,0.0,0.0,0.0,EXACT
MonthlyLevels,BusShareTrucks,constructed,1976-01-31,2026-08-31,1987-01-31,2026-08-31,164.0,1.0,0.002,0.0,-11.0,0.0,EXACT
MonthlyLevels,CoreCapGoodsExports,constructed,1959-01-31,2026-08-31,1959-01-31,2026-08-31,164.0,0.9867,0.003,0.0002,0.0,0.0,FAIR
MonthlyLevels,CoreCapGoodsImports,constructed,1959-01-31,2026-08-31,1959-01-31,2026-08-31,164.0,0.9998,0.023,0.002,0.0,0.0,EXACT
MonthlyLevels,CoreCapGoodsShipments,constructed,1968-01-31,2026-08-31,1968-01-31,2026-08-31,164.0,1.0,0.002,0.0,0.0,0.0,EXACT
MonthlyLevels,LAFGDA@LABOR,raw,1959-01-31,2026-07-31,1959-01-31,2026-07-31,163.0,0.9919,0.04,0.0045,0.0,0.0,GOOD
MonthlyLevels,LAFGOVA@USECON,raw,1947-01-31,2026-08-31,1959-01-31,2026-08-31,164.0,1.0,0.0,0.0,-12.0,0.0,EXACT
MonthlyLevels,SplicedComputersShipments,constructed,1965-12-31,2026-08-31,1965-12-31,2026-08-31,164.0,1.0,0.003,0.0003,0.0,0.0,EXACT
MonthlyLevels,SplicedExportsComputersAndRelated,constructed,1965-12-31,2026-08-31,1965-12-31,2026-08-31,164.0,0.9973,0.002,0.0008,0.0,0.0,GOOD
MonthlyLevels,SplicedGoodsExports,constructed,1959-01-31,2026-08-31,1959-01-31,2026-08-31,164.0,0.9998,0.024,0.0022,0.0,0.0,EXACT
MonthlyLevels,SplicedGoodsImports,constructed,1959-01-31,2026-08-31,1959-01-31,2026-08-31,164.0,0.9986,0.059,0.0054,0.0,0.0,GOOD
MonthlyLevels,SplicedImportsComputersAndRelated,constructed,1965-12-31,2026-08-31,1965-12-31,2026-08-31,164.0,1.0,0.004,0.0011,0.0,0.0,EXACT
MonthlyLevels,SplicedServiceExports,constructed,1960-03-31,2026-07-31,1960-03-31,2026-07-31,163.0,1.0,0.006,0.0003,0.0,0.0,EXACT
MonthlyLevels,SplicedServiceImports,constructed,1960-03-31,2026-07-31,1960-03-31,2026-07-31,163.0,0.9998,0.036,0.0016,0.0,0.0,EXACT
MonthlyLevels,TLTSAR@USECON,raw,1976-01-31,2026-08-31,1976-01-31,2026-08-31,164.0,1.0,0.0,0.0,0.0,0.0,EXACT
MonthlyLevels,TSHSU@USNA,raw,1967-01-31,2026-08-31,1967-01-31,2026-08-31,164.0,1.0,0.0,0.0,0.0,0.0,EXACT
MonthlyLevels,valExHomeSales,constructed,1968-01-31,2026-08-31,1968-01-31,2026-08-31,164.0,0.9994,0.13,0.0068,0.0,0.0,GOOD
MonthlyLevels,valNewHomeSales,constructed,1975-01-31,2026-08-31,1975-01-31,2026-08-31,164.0,0.9964,0.055,0.0047,0.0,0.0,GOOD
MonthlyPriceLevels,ExpSvcDefmthA1fr,data+model_output,1971-04-30,2026-08-31,1960-03-31,2026-12-31,164.0,1.0,0.019,0.0003,11.1,4.0,EXACT+SHORT+ENDS-EARLY
MonthlyPriceLevels,ImpSvcDefmthA1fr,data+model_output,1971-04-30,2026-08-31,1960-03-31,2026-12-31,164.0,1.0,0.259,0.0017,11.1,4.0,GOOD+SHORT+ENDS-EARLY
MonthlyPriceLevels,MGDPN_USECONsplicefr,data+model_output,1959-01-31,2026-08-31,1959-01-31,2026-12-31,164.0,0.9194,0.787,0.0033,0.0,4.0,FAIR+ENDS-EARLY
MonthlyPriceLevels,PMEA_USECONsplicefr,data+model_output,1959-01-31,2026-08-31,1959-01-31,2026-12-31,164.0,0.9863,0.229,0.004,0.0,4.0,FAIR+ENDS-EARLY
MonthlyPriceLevels,PXEA_USECONsplicefr,data+model_output,1959-01-31,2026-08-31,1959-01-31,2026-12-31,164.0,1.0,0.0,0.0,0.0,4.0,EXACT+ENDS-EARLY
NomQtrlyComps,AINX_USNAqtr,constructed,1967-03-31,2026-06-30,1959-03-31,2026-06-30,54.0,1.0,0.0,0.0,8.0,0.0,EXACT+SHORT
NomQtrlyComps,FNENPX_USNAqtr,constructed,1959-03-31,2026-06-30,1959-03-31,2026-06-30,54.0,1.0,0.0,0.0,0.0,0.0,EXACT
NomQtrlyComps,FNETPX_USNAqtr,constructed,1959-03-31,2026-06-30,1959-03-31,2026-06-30,54.0,1.0,0.0,0.0,0.0,0.0,EXACT
NomQtrlyComps,FNPEX_USNAqtr,constructed,1947-03-31,2026-06-30,1959-03-31,2026-06-30,54.0,1.0,0.0,0.0,-12.0,0.0,EXACT
NomQtrlyComps,FNPRX_USNAqtr,constructed,1947-03-31,2026-06-30,1959-03-31,2026-06-30,54.0,1.0,0.0,0.0,-12.0,0.0,EXACT
NomQtrlyComps,FNPSX_USNAqtr,constructed,1959-03-31,2026-06-30,1959-03-31,2026-06-30,54.0,1.0,0.0,0.0,0.0,0.0,EXACT
NomQtrlyComps,FNSMIX_USNAqtr,constructed,1959-03-31,2026-06-30,1959-03-31,2026-06-30,54.0,1.0,0.0,0.0,0.0,0.0,EXACT
NomQtrlyComps,FNSMPX_USNAqtr,constructed,1959-03-31,2026-06-30,1959-03-31,2026-06-30,54.0,1.0,0.0,0.0,0.0,0.0,EXACT
NomQtrlyComps,FREX_USNAqtr,constructed,1959-03-31,2026-06-30,1959-03-31,2026-06-30,54.0,1.0,0.0,0.0,0.0,0.0,EXACT
NomQtrlyComps,FRSBKX_USNAqtr,constructed,1959-03-31,2026-06-30,1959-03-31,2026-06-30,54.0,1.0,0.0,0.0,0.0,0.0,EXACT
NomQtrlyComps,FRSHDX_USNAqtr,constructed,1959-03-31,2026-06-30,1959-03-31,2026-06-30,54.0,1.0,0.0,0.0,0.0,0.0,EXACT
NomQtrlyComps,FRSHMX_USNAqtr,constructed,1959-03-31,2026-06-30,1959-03-31,2026-06-30,54.0,1.0,0.0,0.0,0.0,0.0,EXACT
NomQtrlyComps,FRSINX_USNAqtr,constructed,1959-03-31,2026-06-30,1959-03-31,2026-06-30,54.0,1.0,0.0,0.0,0.0,0.0,EXACT
NomQtrlyComps,FRSPX_USNAqtr,constructed,1959-03-31,2026-06-30,1959-03-31,2026-06-30,54.0,1.0,0.0,0.0,0.0,0.0,EXACT
NomQtrlyComps,GFDENX_USNAqtr,constructed,1972-03-31,2026-06-30,1959-03-31,2026-06-30,54.0,1.0,0.0,0.0,13.0,0.0,EXACT+SHORT
NomQtrlyComps,GFDESLX_USNAqtr,constructed,1972-03-31,2026-06-30,1972-03-31,2026-06-30,54.0,1.0,0.0,0.0,0.0,0.0,EXACT
NomQtrlyComps,GFDESVX_USNAqtr,constructed,1972-03-31,2026-06-30,1972-03-31,2026-06-30,54.0,1.0,0.0,0.0,0.0,0.0,EXACT
NomQtrlyComps,GFDIPX_USNAqtr,constructed,1972-03-31,2026-06-30,1959-03-31,2026-06-30,54.0,1.0,0.0,0.0,13.0,0.0,EXACT+SHORT
NomQtrlyComps,GFDSFX_USNAqtr,constructed,1972-03-31,2026-06-30,1959-03-31,2026-06-30,54.0,1.0,0.0,0.0,13.0,0.0,EXACT+SHORT
NomQtrlyComps,GFNEDX_USNAqtr,constructed,1947-03-31,2026-06-30,1959-03-31,2026-06-30,54.0,1.0,0.0,0.0,-12.0,0.0,EXACT
NomQtrlyComps,GFNENX_USNAqtr,constructed,1947-03-31,2026-06-30,1959-03-31,2026-06-30,54.0,1.0,0.0,0.0,-12.0,0.0,EXACT
NomQtrlyComps,GFNESX_USNAqtr,constructed,1947-03-31,2026-06-30,1959-03-31,2026-06-30,54.0,1.0,0.0,0.0,-12.0,0.0,EXACT
NomQtrlyComps,GFNIEX_USNAqtr,constructed,1947-03-31,2026-06-30,1959-03-31,2026-06-30,54.0,1.0,0.0,0.0,-12.0,0.0,EXACT
NomQtrlyComps,GFNIPX_USNAqtr,constructed,1947-03-31,2026-06-30,1959-03-31,2026-06-30,54.0,1.0,0.0,0.0,-12.0,0.0,EXACT
NomQtrlyComps,GFNISX_USNAqtr,constructed,1947-03-31,2026-06-30,1959-03-31,2026-06-30,54.0,1.0,0.0,0.0,-12.0,0.0,EXACT
NomQtrlyComps,GFNSFX_USNAqtr,constructed,1947-03-31,2026-06-30,1959-03-31,2026-06-30,54.0,1.0,0.0,0.0,-12.0,0.0,EXACT
NomQtrlyComps,GGNESX_USNAqtr,constructed,1947-03-31,2026-06-30,1959-03-31,2026-06-30,54.0,1.0,0.0,0.0,-12.0,0.0,EXACT
NomQtrlyComps,GGSESX_USNAqtr,constructed,1947-03-31,2026-06-30,1959-03-31,2026-06-30,54.0,1.0,0.0,0.0,-12.0,0.0,EXACT
NomQtrlyComps,GSEPIX_USNAqtr,constructed,1947-03-31,2026-06-30,1959-03-31,2026-06-30,54.0,1.0,0.0,0.0,-12.0,0.0,EXACT
NomQtrlyComps,GSESFX_USNAqtr,constructed,1947-03-31,2026-06-30,1959-03-31,2026-06-30,54.0,1.0,0.0,0.0,-12.0,0.0,EXACT
NomQtrlyComps,GSIEX_USNAqtr,constructed,1947-03-31,2026-06-30,1959-03-31,2026-06-30,54.0,1.0,0.0,0.0,-12.0,0.0,EXACT
NomQtrlyComps,GSIPX_USNAqtr,constructed,1947-03-31,2026-06-30,1959-03-31,2026-06-30,54.0,1.0,0.0,0.0,-12.0,0.0,EXACT
NomQtrlyComps,GSISX_USNAqtr,constructed,1947-03-31,2026-06-30,1959-03-31,2026-06-30,54.0,1.0,0.0,0.0,-12.0,0.0,EXACT
NomQtrlyComps,LightTruckShare,constructed,1987-03-31,2026-06-30,1959-03-31,2026-06-30,54.0,1.0,0.0,0.0,28.0,0.0,EXACT+SHORT
NomQtrlyComps,MVIUTX_USNAqtr,constructed,1967-03-31,2026-06-30,1967-03-31,2026-06-30,54.0,1.0,0.0,0.0,0.0,0.0,EXACT
NomQtrlyComps,NomNatDefenseTreasCats,constructed,1972-03-31,2026-06-30,1959-03-31,2026-06-30,54.0,1.0,0.0,0.0,13.0,0.0,EXACT+SHORT
NomQtrlyComps,TIX_USNAqtr,constructed,1967-03-31,2026-06-30,1967-03-31,2026-06-30,54.0,1.0,0.0,0.0,0.0,0.0,EXACT
NomQtrlyComps,negGDOAIX_USNAqtr,constructed,1972-03-31,2026-06-30,1959-03-31,2026-06-30,54.0,1.0,0.0,0.0,13.0,0.0,EXACT+SHORT
NomQtrlyComps,negGDOSSX_USNAqtr,constructed,1972-03-31,2026-06-30,1959-03-31,2026-06-30,54.0,1.0,0.0,0.0,13.0,0.0,EXACT+SHORT
NomQtrlyComps,negGNOAIX_USNAqtr,constructed,1947-03-31,2026-06-30,1959-03-31,2026-06-30,54.0,1.0,0.0,0.0,-12.0,0.0,EXACT
NomQtrlyComps,negGNOSSX_USNAqtr,constructed,1947-03-31,2026-06-30,1959-03-31,2026-06-30,54.0,1.0,0.0,0.0,-12.0,0.0,EXACT
NomQtrlyComps,negGSOAIX_USNAqtr,constructed,1947-03-31,2026-06-30,1959-03-31,2026-06-30,54.0,1.0,0.0,0.0,-12.0,0.0,EXACT
NomQtrlyComps,negGSOSSX_USNAqtr,constructed,1947-03-31,2026-06-30,1959-03-31,2026-06-30,54.0,1.0,0.0,0.0,-12.0,0.0,EXACT
NomQtrlyComps,nomCoreE,constructed,1967-03-31,2026-06-30,1967-03-31,2026-06-30,54.0,1.0,0.0,0.0,0.0,0.0,EXACT
NomQtrlyComps,nomNResStructExMineWell,constructed,1959-03-31,2026-06-30,1959-03-31,2026-06-30,54.0,1.0,0.0,0.0,0.0,0.0,EXACT
QtrlyGDPData,DSNMD_USNA,raw,1996-12-31,2026-06-30,1996-12-31,2026-06-30,54.0,1.0,0.0,0.0,0.0,0.0,EXACT
QtrlyGDPData,DSNMN_USNA,raw,1996-12-31,2026-06-30,1996-12-31,2026-06-30,54.0,1.0,0.0,0.0,0.0,0.0,EXACT
QtrlyGDPData,DSNO_USNAqtr,constructed,1996-12-31,2026-06-30,1996-12-31,2026-06-30,54.0,1.0,0.0,0.0,0.0,0.0,EXACT
QtrlyGDPData,DSNRDV_USNA,raw,1996-12-31,2026-06-30,1996-12-31,2026-06-30,54.0,1.0,0.0,0.0,0.0,0.0,EXACT
QtrlyGDPData,DSNWM_USNA,raw,1996-12-31,2026-06-30,1996-12-31,2026-06-30,54.0,1.0,0.0,0.0,0.0,0.0,EXACT
QtrlyGDPData,DSNWW_USNA,raw,1996-12-31,2026-06-30,1959-03-31,2026-06-30,54.0,1.0,0.0,0.0,37.8,0.0,EXACT+SHORT
QtrlyGDPData,DSf_USNA,raw,,,,,,,,,,,NO-WORKBOOK-SERIES
QtrlyGDPData,SFZ_USNA,raw,1996-12-31,2026-06-30,1959-03-31,2026-06-30,54.0,1.0,0.0,0.0,37.8,0.0,EXACT+SHORT
QtrlyGDPData,SNMDZ_USNA,raw,1996-12-31,2026-06-30,1996-12-31,2026-06-30,54.0,1.0,0.0,0.0,0.0,0.0,EXACT
QtrlyGDPData,SNMNZ_USNA,raw,1996-12-31,2026-06-30,1996-12-31,2026-06-30,54.0,1.0,0.0,0.0,0.0,0.0,EXACT
QtrlyGDPData,SNOZ_USNAqtrExtrap,constructed,1996-12-31,2026-06-30,1959-03-31,2026-06-30,54.0,1.0,0.0,0.0,37.8,0.0,EXACT+SHORT
QtrlyGDPData,SNRDVZ_USNA,raw,1996-12-31,2026-06-30,1996-12-31,2026-06-30,54.0,1.0,0.0,0.0,0.0,0.0,EXACT
QtrlyGDPData,SNWMZ_USNA,raw,1996-12-31,2026-06-30,1996-12-31,2026-06-30,54.0,1.0,0.0,0.0,0.0,0.0,EXACT
QtrlyGDPData,SNWWZ_USNA,raw,1996-12-31,2026-06-30,1959-03-31,2026-06-30,54.0,1.0,0.0,0.0,37.8,0.0,EXACT+SHORT
QtrlyGDPData,SZ_USNA,raw,1996-12-31,2026-06-30,1959-03-31,2026-06-30,54.0,1.0,0.0,0.0,37.8,0.0,EXACT+SHORT
QtrlyGDPData,priceRETINVexautoSplice,constructed,1996-12-31,2026-06-30,1959-03-31,2026-06-30,54.0,1.0,0.002,0.0001,37.8,0.0,EXACT+SHORT
QtrlyGDPData,quantRETINVexautoSplice,constructed,1996-12-31,2026-06-30,1959-03-31,2026-06-30,54.0,1.0,0.002,0.0001,37.8,0.0,EXACT+SHORT
TransformedMonthlySeries,ASCPU@USNA,constructed(transform of raw),1967-02-28,2026-08-31,1967-02-28,2026-08-31,164.0,1.0,0.0,0.0,0.0,0.0,EXACT
TransformedMonthlySeries,ASTOT@USECON,constructed(transform of raw),1959-02-28,2026-08-31,1967-02-28,2026-08-31,164.0,1.0,0.0,0.0,-8.0,0.0,EXACT
TransformedMonthlySeries,BusShareTrucks,constructed,1976-02-29,2026-08-31,1987-02-28,2026-08-31,164.0,1.0,0.003,0.0087,-11.0,0.0,EXACT
TransformedMonthlySeries,CPGF@USECON,constructed(transform of raw),1965-04-30,2026-08-31,1967-02-28,2026-08-31,164.0,1.0,0.033,0.1495,-1.8,0.0,EXACT
TransformedMonthlySeries,CPGS@USECON,constructed(transform of raw),1965-04-30,2026-08-31,1967-02-28,2026-08-31,164.0,0.9996,0.052,0.3428,-1.8,0.0,GOOD
TransformedMonthlySeries,CPVD@USECON,constructed(transform of raw),1965-04-30,2026-08-31,1967-02-28,2026-08-31,164.0,0.9993,0.057,0.1195,-1.8,0.0,GOOD
TransformedMonthlySeries,CoreCapGoodsExports,constructed,1959-02-28,2026-08-31,1967-02-28,2026-08-31,164.0,0.9851,0.002,0.022,-8.0,0.0,FAIR
TransformedMonthlySeries,CoreCapGoodsImports,constructed,1959-02-28,2026-08-31,1967-02-28,2026-08-31,164.0,0.9999,0.018,0.0521,-8.0,0.0,EXACT
TransformedMonthlySeries,CoreCapGoodsShipments,constructed,1968-02-29,2026-08-31,1968-02-29,2026-08-31,164.0,1.0,0.002,0.0102,0.0,0.0,EXACT
TransformedMonthlySeries,IP@IP,constructed(transform of raw),1947-02-28,2026-08-31,1967-02-28,2026-08-31,164.0,1.0,0.0,0.0,-20.0,0.0,EXACT
TransformedMonthlySeries,IPB31@IP,constructed(transform of raw),1972-02-29,2026-08-31,1972-02-29,2026-08-31,164.0,1.0,0.0,0.0,0.0,0.0,EXACT
TransformedMonthlySeries,LAFGDA@LABOR,constructed(transform of raw),1959-02-28,2026-07-31,1967-02-28,2026-07-31,163.0,0.9954,0.027,0.3976,-8.0,0.0,GOOD
TransformedMonthlySeries,LAFGOVA@USECON,constructed(transform of raw),1947-02-28,2026-08-31,1967-02-28,2026-08-31,164.0,1.0,0.0,,-20.0,0.0,EXACT
TransformedMonthlySeries,LAPBSVA@USECON,constructed(transform of raw),1947-02-28,2026-08-31,1967-02-28,2026-08-31,164.0,1.0,0.0,0.0,-20.0,0.0,EXACT
TransformedMonthlySeries,LAPTSVA@USECON,constructed(transform of raw),1983-02-28,2026-08-31,1983-02-28,2026-08-31,164.0,1.0,0.0,0.0,0.0,0.0,EXACT
TransformedMonthlySeries,LPD61DA@LABOR,constructed(transform of raw),1990-02-28,2026-07-31,1990-02-28,2026-07-31,163.0,0.9999,0.033,0.3957,0.0,0.0,EXACT
TransformedMonthlySeries,MobileHomeVal,constructed,1959-02-28,2026-07-31,1980-02-29,2026-07-31,163.0,0.9748,0.095,0.2063,-21.0,0.0,FAIR
TransformedMonthlySeries,NetExportsGoodsMonthlyContrib,constructed,1992-02-29,2026-08-31,1959-02-28,2026-08-31,164.0,0.9992,0.838,0.0828,33.0,0.0,GOOD+SHORT
TransformedMonthlySeries,NetSvcExportsMonthlyContrib,constructed,1992-02-29,2026-07-31,1960-04-30,2026-07-31,163.0,0.9998,0.689,0.1875,31.8,0.0,GOOD+SHORT
TransformedMonthlySeries,NondefenseAircraftNetShipments,constructed,1968-02-29,2026-08-31,1968-02-29,2026-08-31,164.0,0.9942,0.006,0.4423,0.0,0.0,GOOD
TransformedMonthlySeries,RetSalesResEquip,constructed,1967-02-28,2026-08-31,1967-02-28,2026-08-31,162.0,0.9984,0.072,0.1621,0.0,0.0,GOOD
TransformedMonthlySeries,SplicedBuildingMaterials,constructed,1967-02-28,2026-08-31,1967-02-28,2026-08-31,164.0,1.0,0.0,0.0,0.0,0.0,EXACT
TransformedMonthlySeries,SplicedComputersShipments,constructed,1966-01-31,2026-08-31,1967-02-28,2026-08-31,164.0,1.0,0.0,0.0052,-1.1,0.0,EXACT
TransformedMonthlySeries,SplicedExportsComputersAndRelated,constructed,1966-01-31,2026-08-31,1967-02-28,2026-08-31,164.0,0.9971,0.001,0.0151,-1.1,0.0,GOOD
TransformedMonthlySeries,SplicedGoodsExports,constructed,1959-02-28,2026-08-31,1967-02-28,2026-08-31,164.0,0.9999,0.017,0.3244,-8.0,0.0,EXACT
TransformedMonthlySeries,SplicedGoodsImports,constructed,1959-02-28,2026-08-31,1967-02-28,2026-08-31,164.0,0.9993,0.036,0.1698,-8.0,0.0,EXACT
TransformedMonthlySeries,SplicedImportsComputersAndRelated,constructed,1966-01-31,2026-08-31,1967-02-28,2026-08-31,164.0,1.0,0.003,0.0391,-1.1,0.0,EXACT
TransformedMonthlySeries,SplicedNewHousingConstruction,constructed,1964-02-29,2026-08-31,1967-02-28,2026-08-31,164.0,1.0,0.0,0.0,-3.0,0.0,EXACT
TransformedMonthlySeries,SplicedServiceExports,constructed,1960-04-30,2026-07-31,1967-02-28,2026-07-31,163.0,1.0,0.002,0.016,-6.8,0.0,EXACT
TransformedMonthlySeries,SplicedServiceImports,constructed,1960-04-30,2026-07-31,1967-02-28,2026-07-31,163.0,0.9999,0.017,0.1883,-6.8,0.0,EXACT
TransformedMonthlySeries,StateLocalEmp,constructed,1955-02-28,2026-08-31,1967-02-28,2026-08-31,164.0,1.0,0.0,0.0,-12.0,0.0,EXACT
TransformedMonthlySeries,TLTSAR@USECON,constructed(transform of raw),1976-02-29,2026-08-31,1976-02-29,2026-08-31,164.0,1.0,0.0,0.0,0.0,0.0,EXACT
TransformedMonthlySeries,TSHSU@USNA,constructed(transform of raw),1967-02-28,2026-08-31,1967-02-28,2026-08-31,164.0,1.0,0.0,0.0,0.0,0.0,EXACT
TransformedMonthlySeries,saFTO@USECON,constructed(transform of raw),1959-02-28,2026-08-31,1967-02-28,2026-08-31,164.0,0.9528,0.172,0.5165,-8.0,0.0,FAIR
TransformedMonthlySeries,saFTOD@USECON,constructed(transform of raw),1982-02-28,2026-08-31,1982-02-28,2026-08-31,164.0,0.9756,0.213,0.5009,0.0,0.0,FAIR
TransformedMonthlySeries,valExHomeSales,constructed,1968-02-29,2026-08-31,1968-02-29,2026-08-31,164.0,0.9991,0.125,0.5751,0.0,0.0,GOOD
TransformedMonthlySeries,valNewHomeSales,constructed,1975-02-28,2026-08-31,1975-02-28,2026-08-31,164.0,0.9958,0.057,0.477,0.0,0.0,GOOD
dLogQtrlyGrowth,FNPEZ_USNAqtr,constructed,1947-06-30,2026-06-30,1959-06-30,2026-06-30,54.0,1.0,0.001,0.0015,-12.0,0.0,EXACT
dLogQtrlyGrowth,FNSMIZ_USNAqtr,constructed,1959-06-30,2026-06-30,1959-06-30,2026-06-30,54.0,1.0,0.0,0.0086,0.0,0.0,EXACT
dLogQtrlyGrowth,FRSHDZ_USNAqtr,constructed,1959-06-30,2026-06-30,1959-06-30,2026-06-30,54.0,1.0,0.002,0.004,0.0,0.0,EXACT
dLogQtrlyGrowth,GDOAIZ_USNAqtr,constructed,1972-06-30,2026-06-30,1959-06-30,2026-06-30,54.0,1.0,0.001,0.0097,13.0,0.0,EXACT+SHORT
dLogQtrlyGrowth,GDOSSZ_USNAqtr,constructed,1972-06-30,2026-06-30,1959-06-30,2026-06-30,54.0,1.0,0.0,0.0413,13.0,0.0,EXACT+SHORT
dLogQtrlyGrowth,GFDENZ_USNAqtr,constructed,1972-06-30,2026-06-30,1959-06-30,2026-06-30,54.0,1.0,0.0,0.0105,13.0,0.0,EXACT+SHORT
dLogQtrlyGrowth,GFDESLZ_USNAqtr,constructed,1972-06-30,2026-06-30,1972-06-30,2026-06-30,54.0,1.0,0.002,0.002,0.0,0.0,EXACT
dLogQtrlyGrowth,GFDIPZ_USNAqtr,constructed,1972-06-30,2026-06-30,1959-06-30,2026-06-30,54.0,1.0,0.0,0.0004,13.0,0.0,EXACT+SHORT
dLogQtrlyGrowth,GFDSFZ_USNAqtr,constructed,1972-06-30,2026-06-30,1959-06-30,2026-06-30,54.0,1.0,0.014,0.0008,13.0,0.0,EXACT+SHORT
dLogQtrlyGrowth,GFNESZ_USNAqtr,constructed,1947-06-30,2026-06-30,1959-06-30,2026-06-30,54.0,1.0,0.0,0.0004,-12.0,0.0,EXACT
dLogQtrlyGrowth,GFNIEZ_USNAqtr,constructed,1947-06-30,2026-06-30,1959-06-30,2026-06-30,54.0,1.0,0.001,0.0183,-12.0,0.0,EXACT
dLogQtrlyGrowth,GFNIPZ_USNAqtr,constructed,1947-06-30,2026-06-30,1959-06-30,2026-06-30,54.0,1.0,0.001,0.0043,-12.0,0.0,EXACT
dLogQtrlyGrowth,GFNSFZ_USNAqtr,constructed,1947-06-30,2026-06-30,1959-06-30,2026-06-30,54.0,0.9997,0.013,0.0006,-12.0,0.0,EXACT
dLogQtrlyGrowth,GNOAIZ_USNAqtr,constructed,1947-06-30,2026-06-30,1959-06-30,2026-06-30,54.0,1.0,0.001,0.0015,-12.0,0.0,EXACT
dLogQtrlyGrowth,GNOSSZ_USNAqtr,constructed,1947-06-30,2026-06-30,1959-06-30,2026-06-30,54.0,1.0,0.0,,-12.0,0.0,EXACT
dLogQtrlyGrowth,GSEPIZ_USNAqtr,constructed,1947-06-30,2026-06-30,1959-06-30,2026-06-30,54.0,1.0,0.002,0.0003,-12.0,0.0,EXACT
dLogQtrlyGrowth,GSESFZ_USNAqtr,constructed,1947-06-30,2026-06-30,1959-06-30,2026-06-30,54.0,0.9989,0.007,0.0003,-12.0,0.0,GOOD
dLogQtrlyGrowth,GSIPZ_USNAqtr,constructed,1947-06-30,2026-06-30,1959-06-30,2026-06-30,54.0,1.0,0.0,0.0004,-12.0,0.0,EXACT
dLogQtrlyGrowth,GSOAIZ_USNAqtr,constructed,1947-06-30,2026-06-30,1959-06-30,2026-06-30,54.0,1.0,0.001,0.0013,-12.0,0.0,EXACT
dLogQtrlyGrowth,GSOSSZ_USNAqtr,constructed,1947-06-30,2026-06-30,1959-06-30,2026-06-30,54.0,1.0,0.001,0.0005,-12.0,0.0,EXACT
dLogQtrlyGrowth,MVIUTZ_USNAqtr,constructed,1967-06-30,2026-06-30,1967-06-30,2026-06-30,54.0,1.0,0.0,0.0004,0.0,0.0,EXACT
