id,group,family,workbook_location,count,how_produced,module,source,active_oct1,notes
P01,1-estimated,Dynamic factor: loadings; factor AR(3); idiosyncratic AR(1); error variances,Factor; AltFactor (output only),~126 loadings + 3 + ~126 + variances,estimated_each_run,factor.py,WP 2014 step 2b; Mods Apr-2018 eq 6-8; Mods Apr-2020,yes,Initial value: Stock-Watson missing-data PCA; then OLS; then Kalman filter/smoother. Panel per D2
P02,1-estimated,Factor-augmented AR for monthly indicators: coefficients AND AIC lag orders (q in [1;6]; r in [0;3]); 10 COVID dummies Mar-Dec 2020,FactorAugARCoeffs; ConsFactorAugARCoeffs,46 series used (37 + 9 consumption),estimated_each_run,faar.py,WP eq 3; Mods Apr-2022 eq 3,yes,Consumption q in [3;6]. Net-exports contribution FA-AR has no constant (WP eq 10)
P03,1-estimated,Bridge equations with monthly indicator (constant + slopes),BridgeEqnCoeffs,23 LHS,estimated_each_run,bridge.py,WP eq 6; Tables A5a-f; Mods Oct-2017,yes,OLS from 1985Q1. Improvements uses 2 indicators (building materials sales + remodeler employment)
P04,1-estimated,AR(1) + 4 quarterly 2020 dummies for subcomponents without indicator,BridgeEqnCoeffs (AR1; COVIDDum2020xx),21 LHS,estimated_each_run,bridge.py,Mods Apr-2022 (replaces WP AR(4)),yes,Workbook formulas look up AR1-AR4; AR2-AR4 absent so resolve to 0
P05,1-estimated,Blend weights between bridge/monthly model and quarterly BVAR,RLSweights,9 (6 log-growth + 2 net-export contributions + 1 CIPI),estimated_each_run,blend.py,WP eq 8/13/19; Mods Apr-2022; Mods Jan-2023 eq 1-2,yes,Restricted WLS; weight 1/(1+t/80)^2; from 1985; sum to 1 and clip to [0;1]; drop 2020Q1-Q4 (trade/inventories: analogous contribution-based adjustment - spec gap)
P06,1-estimated,Quarterly quantity BVAR (13 components; 5 lags) incl. in-sample one-step fitted values from 1985,QtrlyBVARForecasts,13 x (forecast + fitted history),estimated_each_run,bvar.py,WP step 1; appendix,yes,Fitted history is the BVAR regressor in P05. Inventory enters as real CIPI / lagged real GDP (level)
P07,1-estimated,Quarterly price BVAR (13 implicit deflators; 5 lags),QtrlyPriceForecasts,13,estimated_each_run,bvar.py,WP step 1; appendix,yes,Supplies quarter-T+1 prices for Fisher aggregation (P30)
P08,1-estimated,Monthly price BVAR (34 prices; 12 lags; Waggoner-Zha conditional forecasts),MonthlyPriceLevels *fr tails; ConsMonthlyLevels *Deffr,34,estimated_each_run,bvar.py,WP step 2a; Table A2,yes,Forecast tails deflate nominal series released before their price index and feed IVA/PPI model. Inputs per D3 substitutes
P09,1-estimated,Services trade deflator regressions (quarterly; 3 terms),inside ImpSvcDefmthA1fr; ExpSvcDefmthA1fr,2 x 3,estimated_each_run,trade.py,WP Table A2,yes,Regress NIPA services deflator change on goods import (export) price; lagged 4q change; constant
P10,1-estimated,Electricity+gas PCE regression on IP utilities; travel PCE regressions on travel services trade,UtilTravelCoeffs,7,estimated_each_run,consumption.py,Mods Oct-2017,yes,Sample Jan 2000 to latest
P11,1-estimated,Farm and other-industry inventory AR models (quarterly),FarmOtherInvCoeffs,2 x 5,estimated_each_run,inventory.py,WP step 7h,yes,Workbook keys 1-4 + Constant => AR(4)
P12,1-estimated,Inventory core-quantity BVAR (16 vars) + 6 block BVARs; conditional forecasts,CIPIbeastackFore,6 industry CIPI paths,estimated_each_run,inventory.py,WP step 7b-c; Tables A8a-b,yes,D1 full re-estimation; ISM inputs replaced per D3
P13,1-estimated,IVA model: turnover-pattern weights (<=5 months; nonneg; sum 1) per Census industry; AR(1) discrepancy; joint likelihood maximization with P12,ivaBEAForeStack,4 industries,estimated_each_run,inventory.py,WP step 7d-g; Table A8c; BEA NIPA Handbook ch 7,yes,
P14,1-estimated,Inventory implicit deflator forecasts for quarter T+1 via Denton interpolation from monthly sales prices,InvDefDatafr (last quarter),6,estimated_each_run,inventory.py,WP fn 32,yes,
P15,1-estimated,Gold-adjusted trade BVAR (5 vars; 6 lags; lambda 0.25) for AEI window,(not in workbook),1 model,estimated_each_run,trade.py,Mods Mar-2025 fn 2,yes,Oct 1 is inside the AEI window (AEI Sep 30; full trade report Oct 6)
P16,1-estimated,Capital-goods trade shares BVAR (11 vars; 6 lags) for AEI window,(not in workbook),1 model,estimated_each_run,trade.py,Mods Oct-2017 (equipment),yes,Splits advance capital-goods trade into aircraft / computers / core
P17,1-estimated,Multi-family starts / VPIP 2-variable BVAR,(not in workbook),1 model,estimated_each_run,bridge.py,WP appendix (VPIP algorithm),no (Aug VPIP already released),Needed in production
P18,1-estimated,Net-exports consistency adjustment alpha (solved each month),(inside offline code),per forecast month,computed_each_run,trade.py,WP step 5d eq 11-12,yes,Makes exports/imports FA-AR forecasts consistent with contribution forecast
P19,6-spec,BVAR tightness lambda for every BVAR (fixed at documented values; BGR rule reported as sensitivity),(not in workbook),7,spec_constant,config,WP appendix; Banbura-Giannone-Reichlin 2008; D4,yes,D4 revised 2026-10-03: workbook quarterly BVAR reproduced only at lambda=0.15 (sharp minimum); BGR rule gives ~0.09; headline effect ~0.001pp
W01,2-weights,Nominal expenditure shares aggregating bridge subcomponents (prior quarter),NomQtrlyComps -> component sheets col GC,45 series,computed_each_run,bridge.py,WP eq 7,yes,Includes constructed nominals (nomCoreE; nomNResStructExMineWell; NomNatDefenseTreasCats; neg* sign-flipped netting items; LightTruckShare)
W02,2-weights,PCE bucket nominal shares (4 goods + 5 services),ConsMonthlyLevels nominal series,9,computed_each_run,consumption.py,WP eq 14-15; Mods Oct-2017,yes,
W03,2-weights,Fisher chain aggregation of 13 components to GDP; contributions (BEA/Whelan with multinomial annualization),offline (TrackingHistory),13,computed_each_run,aggregate.py,WP appendix A3-A5,yes,Verified: reproduces 3.677319 exactly with inventory price = mean of current and previous end-of-quarter deflator
W04,2-weights,Fisher aggregation of 8 industry real inventory stocks,Inventories FY9:FZ9,8,computed_each_run,inventory.py,WP step 7i,yes,
W05,2-weights,Monthly trade contribution weights (nominal exports/imports over monthly nominal GDP),MonthlyPriceLevels MGDPN_USECONsplicefr,1 series,computed_each_run,trade.py,WP eq 9; D3,yes,MA monthly GDP replaced per D3 (Denton of BEA quarterly nominal GDP)
W06,2-weights,Goods import price aggregate: 8 BLS import price indexes weighted by prior-quarter NIPA 4.2.5 shares,PMEA_USECONsplicefr,8,computed_each_run,trade.py,WP step 5a,yes,Petroleum import price seasonally adjusted per T03
W07,2-weights,Monthly nonresidential structures deflator: ~25 component shares (NIPA 5.4.5U) x mapped PPIs; office/data-center Tornqvist split from 2020,TornPriceNonResStrMthfr,~25 + 2,computed_each_run,bridge.py,WP appendix eq A1; Table A9; Mods Dec-2025,yes,
W08,2-weights,Retail-control PCE Fisher price index; services-ex-food Fisher price index; CPI-based nowcast of latest month,CoreRealRetailPCEDefExFoodSvcfr; HerzonServicesExFoodDeffr,2 indexes,computed_each_run,consumption.py,WP Table A2 + A7,yes,
W09,2-weights,Fisher subtraction constructs (aggregate minus subcomponents),dLogQtrlyGrowth (e.g. HerzonCoreEQty; NResStructExMineWellQuant; government netting),~25 series,computed_each_run,transform.py,WP appendix; Liu-Hamalainen-Wong 2003 eq 5.16,yes,
W10,2-weights,Tornqvist aggregation of real trade categories ex gold,(offline),2,computed_each_run,trade.py,Mods Mar-2025 fn 2,yes,
T01,3-transform,Standardization means and SDs of factor inputs,(inside factor code),~126 x 2,computed_each_run,factor.py,WP step 2b,yes,
T02,3-transform,Splice ratios (SIC/NAICS; discontinued/replacement series),Spliced*; *splice series,~30 splices,computed_each_run,transform.py,WP Tables A2/A4,yes,Ratio at overlap date recomputed from data
T03,3-transform,Seasonal factors for series the Atlanta Fed adjusts itself,saFTO; saFTOD; saRMFG; petroleum import price,4,computed_each_run,transform.py,D3 (Census X-13ARIMA-SEATS),yes,
T04,3-transform,Interpolation: Denton (deflators; PPI backcasts); Atkeson-Ohanian monthly interpolation of quarterly-only prices,various,many,computed_each_run,transform.py,WP appendix fn 59-60,yes,
T05,3-transform,Shutdown fill: Oct-2025 price = sqrt(Sep x Nov),price series,rule,computed_each_run,transform.py,Mods Dec-2025,yes (history),
E01,4-external,Census VPIP weights alpha_0..alpha_11 by calendar month (starts x price -> single-family VPIP),(offline),12 x 12,external_published,bridge.py,Census Construction Methodology Table 1; WP eq A2,no (Aug VPIP released),Cite and check for Census updates
E02,4-external,CPI -> PCE retail-control component mapping,(offline),~20 lines,external_published,consumption.py,WP Table A7; BEA NIPA Handbook ch 5,yes,
E03,4-external,PPI -> nonresidential structures component mapping,(offline),~25 lines,external_published,bridge.py,WP Table A9; BEA Handbook Table 6.A; Mods Oct-2017; Mods Dec-2025,yes,
E04,4-external,IVA price mapping (finished/WIP vs materials PPIs by industry),(offline),4 industries,external_published,inventory.py,WP Table A8c; BEA Handbook ch 7,yes,
E05,4-external,End-use trade categories -> aircraft / computers / core / non-core,(offline),~10 categories,external_published,trade.py,Mods Oct-2017 fn 7,yes,
E06,4-external,Bridge subcomponent <-> monthly indicator mapping,component sheets col E,44 LHS,external_published (documented spec),bridge.py,WP Tables A5a-f; Mods,yes,
E07,4-external,Import price categories (8) <-> NIPA 4.2.5 lines,(offline),8,external_published,trade.py,WP step 5a,yes,
E08,4-external,Gold series definitions (IDS-0182 MNMGLD / XNMGLD),(offline),2,external_published,trade.py,Mods Mar-2025,yes,
E09,4-external,Data release calendar (what is known on each date),GDPNowcastDataReleaseDates.xlsx,calendar,external_published,public_data.py,Atlanta Fed release dates; agency calendars,yes,Drives --asof masking and the ISM gate
R01,5-rule,Monthly -> quarterly growth: 400*ln(sum of 3 monthly levels / prior 3),component sheets col GM,definitional,definitional,faar.py,WP eq 4-5,yes,
R02,5-rule,Farm and other inventory deflator: extrapolate at 12-quarter average growth,Inventories FV86; FV92,2,documented_rule,inventory.py,WP fn 39,yes,
R03,5-rule,Real CIPI approximation = 100 x quarterly mean of monthly nominal CIPI / deflator,Inventories FV23 etc.,definitional,definitional,inventory.py,WP eq 18,yes,
R04,5-rule,ISM gate: month-h data not used until month-h ISM Manufacturing release,(offline),rule,documented_rule,factor.py,WP fn 12,yes,Uses public ISM release dates (D2)
R05,5-rule,Prior-quarter CIPI: model estimate replaces BEA value before third estimate,Inventories C2 flag,rule,documented_rule,inventory.py,WP step 7 (end),yes,Flag derived from release calendar
R06,5-rule,Travel PCE revision forecast applied only to previous published month,(offline),rule,documented_rule,consumption.py,Mods Oct-2017 fn 12,yes,
R07,5-rule,AEI-window handling for goods trade (discard industrial supplies reading; BVAR fill),(offline),rule,documented_rule,trade.py,Mods Mar-2025,yes,
R08,5-rule,First-month IVA from BEA underlying detail tables 1BU/1BUC,(offline),rule,documented_rule,inventory.py,Mods Oct-2017,yes,
R09,5-rule,Travel PCE revisions: predicted only when PCE and travel-trade data end in the same month; for older months of the window not when that month is Feb/Aug/Nov,Consumption r54 and r60 FQ:FV,rule,documented_rule,consumption.py,workbook formula Consumption r54/r60 (undocumented); state inferred from published value,yes,Posted workbook leaves the state cells FV64:FV65 blank so its cached travel cells apply revisions; program does not (verified: published services matched exactly). Implemented from data release state.
X01,5-display-only,10-year trailing-average columns; percent conversions; history columns; pasted snapshots (Consumption FU76:FU80; FS86:FS90; FT110:FV110),component sheets,n/a,not_used,-,dependency trace,no,Not on nowcast dependency path; excluded. (Correction: Feb/Aug/Nov rule is live -> R09)
S01,6-spec,All specification constants: sample starts; lag counts; AIC ranges; COVID dummy definitions; 2020 exclusions; recency-weight form; factor AR order; BVAR priors (delta_i; tau=10 lambda); IVA max turnover 5 months,config/spec.toml,~40,spec_constant,config,WP + Mods (cited per entry); D4,yes,Fixed; lambda excluded (P19)
