series,filled_from,public_data_start,prefix_months
ADS@USECON,1959-02,1967-02,96
ADS_USECON,1959-02,1967-02,96
AFS_USECON,1959-02,1967-02,96
CPIMajappSplicefr,1959-02,1967-02,96
R5312101_PPIRInterpfr,1959-02,1967-02,96
NAPMC_USECON,1959-02,1968-06,112
NAPMII_USECON,1959-02,1968-06,112
NAPMPI_USECON,1959-02,1968-06,112
NomSingleStarts,1964-02,1975-02,132
ASTOT@USECON,1959-02,1976-02,204
IAU_IP,1967-02,1977-02,120
PMEA_USECONsplicefr,1959-02,1982-12,286
SplicedMedianfr,1967-02,1983-02,192
SplicedTrimfr,1967-02,1983-02,192
PXEA_USECONsplicefr,1959-02,1983-12,298
LAFGDA@LABOR,1959-02,1985-02,312
sa_PIN_PPI_,1959-02,1985-02,312
saRMFG_PPIRsplicefr,1967-02,1986-02,228
LAPTSVA@USECON,1983-02,1990-02,84
saFTO@USECON,1959-02,1990-02,372
CoreCapGoodsShipments,1968-02,1992-02,288
DefenseShipments,1968-02,1992-02,288
ManInvShipRatio,1959-02,1992-02,396
NMIDG_USECON,1959-02,1992-02,396
NMING_USECON,1959-02,1992-02,396
NMS@USECON,1967-02,1992-02,300
NMSDG_USECON,1959-02,1992-02,396
NMSNG_USECON,1959-02,1992-02,396
NRIXM_USECON,1967-02,1992-02,300
NRSI1_USECON,1967-02,1992-02,300
NRST@USECON,1967-02,1992-02,300
NRSXM_USECON,1967-02,1992-02,300
NWIH_USECON,1981-01,1992-02,133
NWSH@USECON,1967-02,1992-02,300
NWSH_USECON,1967-02,1992-02,300
RealCapitalShipments,1968-02,1992-02,288
RetSalesResEquip,1967-02,1992-02,300
SplicedComputersShipments,1966-01,1992-02,313
SplicedGoodsExports,1959-02,1992-02,396
SplicedGoodsImports,1959-02,1992-02,396
SplicedServiceExports,1960-04,1992-02,382
SplicedServiceImports,1960-04,1992-02,382
WholeSaleInvSalesRatio,1967-02,1992-02,300
SplicedDurableGoodsOrders,1959-02,1992-03,397
CPG@USECON,1959-02,1993-02,408
CPGF@USECON,1965-04,1993-02,334
CPGS@USECON,1965-04,1993-02,334
CPVD@USECON,1965-04,1993-02,334
SplicedNewHousingConstruction,1964-02,1993-02,348
SpliceManTradeDeflatorfr,1967-02,1997-02,360
SpliceRetailTradeDeflatorfr,1967-02,1997-02,360
SpliceWholesaleTradeDeflatorfr,1967-02,1997-02,360
CoreCapGoodsExports,1959-02,1999-02,480
CoreCapGoodsImports,1959-02,1999-02,480
NondefenseAircraftNetShipments,1968-02,1999-02,372
SplicedExportsComputersAndRelated,1966-01,1999-02,397
SplicedImportsComputersAndRelated,1966-01,1999-02,397
SplicedBuildingMaterials,1967-02,2002-06,424
CDQM@USNA,1959-02,2007-02,576
CNQM@USNA,1959-02,2007-02,576
CQM@USNA,1959-02,2007-02,576
CSQM@USNA,1959-02,2007-02,576
TornPriceNonResStrMthfr,1965-04,2010-05,541
saFTOD@USECON,1982-02,2015-04,398
valExHomeSales,1968-02,2025-09,691
